time_s,q_base_x_m,q_base_y_m,q_base_z_m,q_quat_x,q_quat_y,q_quat_z,q_quat_w,q_joint_0_rad,q_joint_1_rad,q_joint_2_rad,q_joint_3_rad,q_joint_4_rad,q_joint_5_rad,v_base_linear_x_mps,v_base_linear_y_mps,v_base_linear_z_mps,v_base_angular_x_rps,v_base_angular_y_rps,v_base_angular_z_rps,v_joint_0_rps,v_joint_1_rps,v_joint_2_rps,v_joint_3_rps,v_joint_4_rps,v_joint_5_rps,a_base_linear_x_mps2,a_base_linear_y_mps2,a_base_linear_z_mps2,a_base_angular_x_rps2,a_base_angular_y_rps2,a_base_angular_z_rps2,a_joint_0_rps2,a_joint_1_rps2,a_joint_2_rps2,a_joint_3_rps2,a_joint_4_rps2,a_joint_5_rps2,thrust_command_0_N,thrust_command_1_N,thrust_command_2_N,thrust_command_3_N,thrust_actual_0_N,thrust_actual_1_N,thrust_actual_2_N,thrust_actual_3_N,joint_torque_0_Nm,joint_torque_1_Nm,joint_torque_2_Nm,joint_torque_3_Nm,joint_torque_4_Nm,joint_torque_5_Nm,damping_l0_fx_local_N,damping_l0_fy_local_N,damping_l0_fz_local_N,damping_l0_mx_local_Nm,damping_l0_my_local_Nm,damping_l0_mz_local_Nm,buoyancy_l0_fx_local_N,buoyancy_l0_fy_local_N,buoyancy_l0_fz_local_N,buoyancy_l0_mx_local_Nm,buoyancy_l0_my_local_Nm,buoyancy_l0_mz_local_Nm,total_fluid_l0_fx_local_N,total_fluid_l0_fy_local_N,total_fluid_l0_fz_local_N,total_fluid_l0_mx_local_Nm,total_fluid_l0_my_local_Nm,total_fluid_l0_mz_local_Nm,damping_l1_fx_local_N,damping_l1_fy_local_N,damping_l1_fz_local_N,damping_l1_mx_local_Nm,damping_l1_my_local_Nm,damping_l1_mz_local_Nm,buoyancy_l1_fx_local_N,buoyancy_l1_fy_local_N,buoyancy_l1_fz_local_N,buoyancy_l1_mx_local_Nm,buoyancy_l1_my_local_Nm,buoyancy_l1_mz_local_Nm,total_fluid_l1_fx_local_N,total_fluid_l1_fy_local_N,total_fluid_l1_fz_local_N,total_fluid_l1_mx_local_Nm,total_fluid_l1_my_local_Nm,total_fluid_l1_mz_local_Nm,damping_l2_fx_local_N,damping_l2_fy_local_N,damping_l2_fz_local_N,damping_l2_mx_local_Nm,damping_l2_my_local_Nm,damping_l2_mz_local_Nm,buoyancy_l2_fx_local_N,buoyancy_l2_fy_local_N,buoyancy_l2_fz_local_N,buoyancy_l2_mx_local_Nm,buoyancy_l2_my_local_Nm,buoyancy_l2_mz_local_Nm,total_fluid_l2_fx_local_N,total_fluid_l2_fy_local_N,total_fluid_l2_fz_local_N,total_fluid_l2_mx_local_Nm,total_fluid_l2_my_local_Nm,total_fluid_l2_mz_local_Nm,damping_l3_fx_local_N,damping_l3_fy_local_N,damping_l3_fz_local_N,damping_l3_mx_local_Nm,damping_l3_my_local_Nm,damping_l3_mz_local_Nm,buoyancy_l3_fx_local_N,buoyancy_l3_fy_local_N,buoyancy_l3_fz_local_N,buoyancy_l3_mx_local_Nm,buoyancy_l3_my_local_Nm,buoyancy_l3_mz_local_Nm,total_fluid_l3_fx_local_N,total_fluid_l3_fy_local_N,total_fluid_l3_fz_local_N,total_fluid_l3_mx_local_Nm,total_fluid_l3_my_local_Nm,total_fluid_l3_mz_local_Nm
0,0,0,0,0,0,0,1,0,0,0,0,0,0,0,0,0,0,0,0,0,0,0,0,0,0,-1.1031300784500053e-15,-3.8386370985852175e-16,-9.8099999999999987,-6.3990626651572995e-15,5.9175413091727974e-15,-2.853647905936955e-17,1.1926397882113394e-14,-6.5864941166180747e-15,-6.9065235286675802e-15,-1.0736574074019803e-16,-1.5464592763546172e-15,1.0235545547568017e-15,0,0,0,0,0,0,0,0,0,0,0,0,0,0,-0,-0,-0,-0,-0,-0,0,0,0,0,0,0,0,0,0,0,0,0,-0,-0,-0,-0,-0,-0,0,0,0,0,0,0,0,0,0,0,0,0,-0,-0,-0,-0,-0,-0,-0,0,0,0,-0,0,-0,0,0,0,-0,0,-0,-0,-0,-0,-0,-0,-0,0,0,0,-0,0,-0,0,0,0,-0,0
0.01,-1.1060326324621547e-19,-3.8700245009578146e-20,-0.00098099999999999988,-3.19953133257865e-19,2.958770654586399e-19,-1.4268239529684774e-21,1,1.1926397882113395e-18,-6.5864941166180759e-19,-6.9065235286675804e-19,-1.0736574074019803e-20,-1.5464592763546171e-19,1.0235545547568018e-19,-1.1031300784500054e-17,-3.8386370985852178e-18,-0.098099999999999993,-6.3990626651573e-17,5.9175413091727974e-17,-2.8536479059369549e-19,1.1926397882113394e-16,-6.5864941166180753e-17,-6.9065235286675801e-17,-1.0736574074019803e-18,-1.5464592763546172e-17,1.0235545547568018e-17,-1.1031300784500053e-15,-3.8386370985852175e-16,-9.8099999999999987,-6.3990626651572995e-15,5.9175413091727974e-15,-2.853647905936955e-17,1.1926397882113394e-14,-6.5864941166180747e-15,-6.9065235286675802e-15,-1.0736574074019803e-16,-1.5464592763546172e-15,1.0235545547568017e-15,0,0,0,0,0,0,0,0,0,0,0,0,0,0,-0,-0,-0,-0,-0,-0,0,0,0,0,0,0,0,0,0,0,0,0,-0,-0,-0,-0,-0,-0,0,0,0,0,0,0,0,0,0,0,0,0,-0,-0,-0,-0,-0,-0,-0,0,0,0,-0,0,-0,0,0,0,-0,0,-0,-0,-0,-0,-0,-0,-0,0,0,0,-0,0,-0,0,0,0,-0,0
0.02,-3.0813067062927466e-19,-1.1515445707921535e-19,-0.0029429999999999994,-9.4689680806843506e-19,8.1016939157949721e-19,-3.8649654140103311e-21,1,3.5213174345885588e-18,-1.7582098292391569e-18,-2.0151333591730438e-18,-1.1507169385844396e-19,-5.0126712364577846e-19,3.4460902743562762e-19,-1.9535734423435036e-17,-7.3968652484754985e-18,-0.19619999999999999,-1.25388734962114e-16,1.0285846522417146e-16,-4.8762829220837077e-19,2.3286776463772192e-16,-1.0995604175773493e-16,-1.3244810063062858e-16,-1.0433511978442417e-17,-3.4662119601031674e-17,2.4225357195994743e-17,-8.5044336389349819e-16,-3.5582281498902795e-16,-9.8099999999999987,-6.1398108310541009e-15,4.3683052132443477e-15,-2.0226350161467531e-17,1.1360378581658797e-14,-4.4091100591554183e-15,-6.3382865343952763e-15,-9.3598545710404357e-16,-1.9197526837485503e-15,1.3989811648426724e-15,0,0,0,0,0,0,0,0,0,0,0,0,0,0,0,0,0,0,-0,0,0,-0,0,0,0,-0,0,0,0,0,0,0,-0,-0,0,-0,0,0,0,0,0,0,0,0,0,0,0,0,0,0,-0,-0,0,0,0,0,0,0,0,0,0,0,0,0,0,0,0,0,0,-0,0,0,-0,0,-0,0,0,0,-0,0,0,0,0,0,-0,0
0.029999999999999999,-5.4858926914279865e-19,-2.2829619336589035e-19,-0.0058859999999999997,-1.8686746362025114e-18,1.4049023932797e-18,-6.5247345601463745e-21,1,6.925869044329668e-18,-2.9182732701428657e-18,-3.8982258153330279e-18,-4.5117283203588738e-19,-1.0931925327634544e-18,7.9584997602762381e-19,-2.3393964225068339e-17,-1.0485550952618561e-17,-0.29430000000000001,-1.843555656268153e-16,1.1894660034004055e-16,-5.3195382922720862e-19,3.4045516097411088e-16,-1.160063440903709e-16,-1.8830924561599837e-16,-3.3610113817744339e-17,-5.9192540911767596e-17,4.5124094859199615e-17,-3.8582298016333023e-16,-3.0886857041430629e-16,-9.8099999999999987,-5.8966830664701295e-15,1.6088135115869094e-15,-4.4325537018837877e-18,1.0758739633638895e-14,-6.0503023326359709e-16,-5.5861144985369789e-15,-2.3176601839301924e-15,-2.4530421310735929e-15,2.0898737663204876e-15,0,0,0,0,0,0,0,0,0,0,0,0,0,0,0,0,0,0,-0,0,0,-0,0,0,0,-0,0,0,0,0,0,0,-0,-0,0,-0,0,0,0,0,0,0,0,0,0,0,0,0,0,0,-0,-0,0,0,0,0,0,0,0,0,0,0,0,0,0,0,0,0,0,-0,0,0,-0,0,-0,0,0,0,-0,0,0,0,0,0,-0,0
0.040000000000000001,-7.8392689007911443e-19,-3.774279943051467e-19,-0.0098099999999999993,-3.076413112364266e-18,1.9322346053813219e-18,-8.5447899307251009e-21,1,1.1353089749696888e-17,-3.7371685967611567e-18,-6.2596342379302826e-18,-1.1533133995771911e-18,-1.9837500738022355e-18,1.5145703566332717e-18,-2.2224269535356994e-17,-1.297272766138803e-17,-0.39239999999999997,-2.4154769523235091e-16,1.0546644242032442e-16,-4.040110741157454e-19,4.4272207053672187e-16,-8.1889532661829116e-17,-2.3614084225972551e-16,-7.0214056754130382e-17,-8.905575410387812e-17,7.1872038060564794e-17,1.1696946897113448e-16,-2.4871767087694694e-16,-9.8099999999999987,-5.7192129605535614e-15,-1.3480157919716132e-15,1.2794275511146323e-17,1.0226690956261096e-14,3.4116811428541789e-15,-4.7831596643727146e-15,-3.6603942936386039e-15,-2.9863213192110521e-15,2.6747943201365181e-15,0,0,0,0,0,0,0,0,0,0,0,0,0,0,0,0,0,0,-0,0,0,-0,0,0,0,-0,0,0,0,0,0,0,-0,-0,0,-0,-0,0,0,0,0,0,0,0,0,0,0,0,0,0,-0,-0,0,0,0,0,0,0,0,0,0,0,0,0,0,0,0,0,0,-0,0,0,-0,0,-0,0,0,0,-0,0,0,0,0,0,-0,0
0.050000000000000003,-1.1161453157937078e-18,-5.1818547716644307e-19,-0.014714999999999999,-4.2072283644463816e-18,2.7393167279097735e-18,-1.2519872419119988e-20,1,1.5417954115818336e-17,-5.2469295554545639e-18,-8.1400700464154335e-18,-1.770008259027943e-18,-3.476862039541416e-18,2.3238548691902485e-18,-3.0930446642480047e-17,-1.0503122141754013e-17,-0.49049999999999994,-2.2616305041642316e-16,1.6141642450569036e-16,-7.9501649767897722e-19,4.0648643661214477e-16,-1.5097609586934074e-16,-1.8804358084851515e-16,-6.1669485945075178e-17,-1.4931119657391801e-16,8.0928451255697682e-17,-8.7061771071230546e-16,2.469605519634017e-16,-9.8099999999999987,1.5384644815927774e-15,5.594998208536592e-15,-3.9100542356323183e-17,-3.623563392457709e-15,-6.9086563207511609e-15,4.8097261411210377e-15,8.5445708090552103e-16,-6.0255442470039888e-15,9.0564131951328921e-16,0,0,0,0,0,0,0,0,0,0,0,0,0,0,0,0,0,0,-0,0,0,-0,0,0,0,-0,0,0,0,0,0,0,-0,-0,0,-0,-0,0,-0,0,0,0,-0,0,-0,0,0,0,-0,0,-0,-0,0,0,0,0,0,0,0,0,0,0,0,0,0,0,0,0,0,-0,0,0,-0,0,-0,0,0,0,-0,0,0,0,0,0,-0,0
0.060000000000000005,-1.5232830027574706e-18,-6.4593681980364395e-19,-0.020600999999999998,-5.2253610643492319e-18,3.7632275123147656e-18,-1.8219870531041434e-20,1,1.8971545412988543e-17,-7.3182807944593489e-18,-9.410473934181048e-18,-2.2401996831684124e-18,-5.6258379219184733e-18,3.0817915110907064e-18,-3.6886371156580127e-17,-7.2231121259309939e-18,-0.5885999999999999,-2.0362653998057006e-16,2.047821568809984e-16,-1.1399996223842889e-18,3.5535912971702049e-16,-2.0713512390047849e-16,-1.2704038877656141e-16,-4.7019142414046928e-17,-2.1489758823770568e-16,7.5793664190045793e-17,-5.9559245141000785e-16,3.2800100158230186e-16,-9.8099999999999987,2.2536510435853098e-15,4.3365732375308034e-15,-3.4498312470531172e-17,-5.1127306895124307e-15,-5.6159028031137743e-15,6.1003192071953737e-15,1.4650343531028251e-15,-6.5586391663787677e-15,-5.1347870656518824e-16,0,0,0,0,0,0,0,0,0,0,0,0,0,0,0,0,0,0,-0,0,0,-0,0,0,0,-0,0,0,0,0,0,0,-0,-0,0,-0,-0,0,-0,0,0,0,-0,0,-0,0,0,0,-0,0,-0,-0,0,0,0,0,0,0,0,0,0,0,0,0,0,0,0,0,0,-0,0,0,-0,0,-0,0,0,0,-0,0,0,0,0,0,-0,0
0.070000000000000007,-2.1134439044822956e-18,-7.5642622488047983e-19,-0.027467999999999996,-6.0988270187650289e-18,5.3699334936920032e-18,-2.7713826529209976e-20,1,2.1889656407208013e-17,-1.106583612741281e-17,-9.9868741487093425e-18,-2.0048388539839143e-18,-8.4306479516819985e-18,3.4748460730201355e-18,-5.2744348509657638e-17,-3.2726205510090286e-18,-0.68669999999999987,-1.7469319088315937e-16,3.2134119627544756e-16,-1.8987911996337078e-18,2.9181109942194699e-16,-3.747555332953462e-16,-5.7640021452829458e-17,2.35360829184498e-17,-2.8048100297635251e-16,3.9305456192942901e-17,-1.5857977353077513e-15,3.9504915749219652e-16,-9.8099999999999987,2.893334909741069e-15,1.1655903939444918e-14,-7.5879157724941904e-17,-6.3548030295073478e-15,-1.6762040939486771e-14,6.9400367323731946e-15,7.0555225332496725e-15,-6.5583414738646845e-15,-3.6488207997102891e-15,0,0,0,0,0,0,0,0,0,0,0,0,0,0,0,0,0,0,-0,0,0,-0,0,0,0,-0,0,0,0,0,0,0,-0,-0,0,-0,0,0,-0,0,0,0,-0,0,-0,0,0,0,0,0,-0,-0,0,-0,0,0,0,0,0,0,0,0,0,0,0,0,0,0,0,-0,0,0,-0,0,-0,0,0,0,-0,0,0,0,0,0,-0,0
0.080000000000000002,-2.9259765281587297e-18,-8.6024323946381306e-19,-0.035315999999999993,-6.9130647189902912e-18,7.6782435336959371e-18,-4.1749019130366814e-20,1,2.4483522607653543e-17,-1.6795563319599993e-17,-9.9257308483841278e-18,-1.0311856970372947e-18,-1.2451188132130458e-17,3.5982943053321788e-18,-7.1013053036549352e-17,-1.6996882254295445e-19,-0.78479999999999983,-1.6284754004505241e-16,4.6166200800078687e-16,-2.8070385202313658e-18,2.5938662004455282e-16,-5.729727192187183e-16,6.1143300325215295e-18,9.736531569466195e-17,-4.0205401804484597e-16,1.2344823231204311e-17,-1.8268704526891716e-15,3.1026517284660743e-16,-9.8099999999999987,1.1845650838106969e-15,1.4032081172533932e-14,-9.0824732059765794e-17,-3.242447937739417e-15,-1.9821718592337208e-14,6.3754351485350981e-15,7.3829232776212151e-15,-1.2157301506849348e-14,-2.696063296173859e-15,0,0,0,0,0,0,0,0,0,0,0,0,0,0,0,0,0,0,-0,0,0,-0,0,0,0,-0,0,0,0,0,0,0,-0,-0,0,-0,0,0,0,0,0,0,0,0,0,0,0,0,0,0,-0,-0,0,-0,0,0,0,0,0,0,0,0,0,0,0,0,0,0,0,-0,0,0,-0,0,-0,0,0,0,-0,0,0,0,0,0,-0,0
0.089999999999999997,-3.9823300012197207e-18,-9.2757565594285016e-19,-0.04414499999999999,-7.4322763022939189e-18,1.0750291762584707e-17,-6.1298679876687416e-20,1,2.5708154727764399e-17,-2.4672500751488572e-17,-8.1090387874182578e-18,7.1618338417315687e-19,-1.8609941583755543e-17,3.4706632693845898e-18,-8.9364793493012893e-17,5.932259939788119e-18,-0.8828999999999998,-1.0384231666072553e-16,6.1440964577775377e-16,-3.909932149264116e-18,1.2246321201108581e-16,-7.876937431888578e-16,1.8166920609658699e-16,1.7473690812104514e-16,-6.1587534516250841e-16,-1.2763103594758927e-17,-1.8351740456463534e-15,6.1022287623310729e-16,-9.8099999999999987,5.9005223384326882e-15,1.5274763777696692e-14,-1.1028936290327499e-16,-1.3692340803346701e-14,-2.1472102397013952e-14,1.7555487606406546e-14,7.7371592426383191e-15,-2.1382132711766249e-14,-2.5107926825963237e-15,0,0,0,0,0,0,0,0,0,0,0,0,0,0,0,0,0,0,-0,0,0,-0,0,0,0,-0,0,0,0,0,0,0,-0,-0,0,-0,0,0,0,0,0,0,0,0,0,0,0,0,0,0,0,-0,0,-0,0,0,0,0,0,0,0,0,0,0,0,0,0,0,0,-0,0,0,0,0,-0,0,0,0,-0,0,0,0,0,0,0,0
0.099999999999999992,-5.2171721590414475e-18,-9.7043644315526302e-19,-0.053954999999999989,-7.7539266315520949e-18,1.4415511706050236e-17,-8.4871359697775588e-20,1,2.598547110410775e-17,-3.4348218943184646e-17,-5.0386795811797552e-18,3.329611354774589e-18,-2.6235025993705142e-17,2.9146959880610062e-18,-9.8796562579441831e-17,1.0611586356861657e-17,-0.98099999999999976,-6.4330065851635168e-17,7.3304398869310552e-16,-4.7145359642176306e-18,2.7731637634335084e-17,-9.6757181916960708e-16,3.0703592062385024e-16,2.613427970601432e-16,-7.6250844099495991e-16,-5.559672813235835e-17,-9.4317690864289363e-16,4.6793264170735376e-16,-9.8099999999999987,3.9512250809090362e-15,1.1863434291535178e-14,-8.0460381495351455e-17,-9.473157437675073e-15,-1.7987807598074931e-14,1.2536671452726321e-14,8.6605888939098053e-15,-1.4663309583245148e-14,-4.2833624537599428e-15,0,0,0,0,0,0,0,0,0,0,0,0,0,0,0,-0,0,0,-0,0,0,-0,0,0,0,-0,0,-0,0,0,0,0,-0,-0,0,-0,0,0,0,0,0,0,0,0,0,0,0,0,0,0,0,-0,0,-0,-0,0,0,0,0,0,0,0,0,0,0,0,0,0,0,-0,0,0,0,0,-0,0,0,0,-0,0,0,0,0,0,0,0
0.10999999999999999,-6.762609953866591e-18,-1.0086964467720049e-18,-0.064745999999999984,-8.0391191460140049e-18,1.9033823121637422e-17,-1.1436323973890278e-19,1,2.6045630315871351e-17,-4.6689784567613661e-17,-1.4800783743182646e-18,6.9175552414040046e-18,-3.4857206975197857e-17,1.9696415260922324e-18,-1.1844860226995663e-16,1.3216275336897383e-17,-1.0790999999999997,-5.7038502892382037e-17,9.2366228311743738e-16,-5.8983760082254314e-18,6.0159211763600145e-18,-1.2341565624429016e-15,3.5586012068614905e-16,3.5879438866294156e-16,-8.6221809814927175e-16,-9.450544619687738e-17,-1.9652039690514793e-15,2.6046889800357258e-16,-9.8099999999999987,7.2915629592531281e-16,1.9061829442433177e-14,-1.183840044007801e-16,-2.1715716457975068e-15,-2.6658474327329452e-14,4.882420006229884e-15,9.7451591602798343e-15,-9.9709657154311878e-15,-3.8908718064519037e-15,0,0,0,0,0,0,0,0,0,0,0,0,0,0,0,-0,0,0,-0,0,0,-0,0,0,0,-0,0,-0,0,0,0,0,-0,-0,0,0,0,0,0,0,0,0,0,0,0,0,0,0,0,0,0,-0,0,-0,-0,0,0,0,0,0,0,0,0,0,0,0,0,0,0,-0,0,0,0,0,-0,0,0,0,-0,0,0,0,0,0,0,0
0.11999999999999998,-8.4990531149415216e-18,-1.0318066207251346e-18,-0.076517999999999975,-8.2052686311280648e-18,2.418792650481135e-17,-1.4773154752419971e-19,1,2.5522043988198321e-17,-6.0404090361703124e-17,2.9454073893409641e-18,1.0816776771707244e-17,-4.4737798597028909e-17,9.8059174057599259e-19,-1.2276367244723768e-16,1.681187589593866e-17,-1.1771999999999998,-3.322989702281182e-17,1.0308206766347852e-15,-6.6736615570593775e-18,-5.2358632767303017e-17,-1.3714305794089461e-15,4.4254857636592284e-16,3.8992215303032381e-16,-9.8805916218310538e-16,-9.8904978551623971e-17,-4.3150701772810498e-16,3.5956005590412774e-16,-9.8099999999999987,2.3808605869570216e-15,1.0715839351734786e-14,-7.7528554883394588e-17,-5.8374553943663033e-15,-1.3727401696604458e-14,8.6688455679773769e-15,3.1127764367382226e-15,-1.2584106403383367e-14,-4.3995323547465922e-16,0,0,0,0,0,0,0,0,0,0,0,0,0,0,0,-0,0,0,-0,0,0,-0,0,0,0,-0,0,-0,0,0,0,0,-0,-0,0,0,0,0,0,0,0,0,0,0,0,0,0,0,0,0,0,-0,0,-0,-0,0,0,0,0,0,0,0,0,0,0,0,0,0,0,-0,0,0,0,0,-0,0,0,0,-0,0,0,0,0,0,0,0
0.12999999999999998,-1.0350662402286208e-17,-1.0606513874933919e-18,-0.089270999999999975,-8.413545552878865e-18,2.9734177896248424e-17,-1.8355716468721477e-19,1,2.5040768357250098e-17,-7.5405092126328321e-17,7.7551295937988433e-18,1.5523336638303796e-17,-5.5594140827223212e-17,-5.6783836335562834e-19,-1.1639406899179714e-16,1.8309497052038312e-17,-1.2752999999999999,-4.1655384350160108e-17,1.1092502782874143e-15,-7.1651234326030051e-18,-4.812756309482233e-17,-1.5001001764625195e-15,4.8097222044578786e-16,4.7065598665965505e-16,-1.0856342230194305e-15,-1.5484301039316208e-16,6.3696034554405285e-16,1.497621156099652e-16,-9.8099999999999987,-8.4254873273482879e-16,7.8429601652629091e-15,-4.9146187554362683e-17,4.2310696724806893e-16,-1.2866959705357348e-14,3.8423644079865023e-15,8.0733833629331194e-15,-9.7575060836325027e-15,-5.5938031841538091e-15,0,0,0,0,0,0,0,0,0,0,0,0,0,0,0,-0,0,0,-0,0,0,-0,0,0,0,-0,0,-0,0,0,0,0,-0,-0,0,0,0,0,0,0,0,0,0,0,0,0,0,0,0,0,0,-0,0,-0,-0,0,0,0,0,0,0,0,0,0,0,0,0,0,0,-0,0,0,0,0,0,0,0,0,0,0,0,0,0,0,0,0
0.13999999999999999,-1.2426934690621028e-17,-1.1157835761715412e-18,-0.10300499999999997,-8.8163314493385136e-18,3.5921146551608096e-17,-2.2283235788883767e-19,1,2.5255676435289028e-17,-9.2068888802835525e-17,1.2257473367346412e-17,2.0598728244185924e-17,-6.6754425438551337e-17,-2.0801587003900264e-18,-1.1745620623679576e-16,1.815029420703041e-17,-1.3734,-8.0557179291929827e-17,1.2373937310719345e-15,-7.8550386403245737e-18,2.1490807803893048e-17,-1.6663796676507205e-15,4.5023437735475692e-16,5.0753916058821286e-16,-1.1160284611328123e-15,-1.512320337034398e-16,-1.0621372449986053e-16,-1.5920284500790299e-17,-9.8099999999999987,-3.8901794941769725e-15,1.2814345278452023e-14,-6.8991520772156909e-17,6.9618370898715372e-15,-1.6627949118820102e-14,-3.073784309103096e-15,3.688317392855785e-15,-3.0394238113381811e-15,3.610976689722279e-16,0,0,0,0,0,0,0,0,0,0,0,0,0,0,0,-0,0,0,-0,0,0,-0,0,0,0,-0,0,-0,0,0,0,0,-0,-0,0,0,0,0,0,0,0,0,0,0,0,0,0,0,0,0,0,-0,0,-0,-0,0,0,0,0,0,0,0,0,0,0,0,0,0,0,-0,0,0,0,0,0,0,0,0,0,0,0,0,0,0,0,0
0.14999999999999999,-1.4723171262811802e-17,-1.2110094138152108e-18,-0.11771999999999998,-9.5110383721525889e-18,4.2744888356486568e-17,-2.6518906093355532e-19,1,2.6592400231700432e-17,-1.1040943975329274e-16,1.6021835575633308e-17,2.6054393391682266e-17,-7.7936046868455227e-17,-3.503474164071677e-18,-1.1386658685181598e-16,1.7446140927957202e-17,-1.4715,-1.3894138456281493e-16,1.364748360975694e-15,-8.471340608943523e-18,1.3367237964114049e-16,-1.8340550950457214e-15,3.7643622082868956e-16,5.4556651474963423e-16,-1.1181621429903887e-15,-1.4233154636816508e-16,3.5896193849797873e-16,-7.0415327907320954e-17,-9.8099999999999987,-5.8384205270885106e-15,1.2735462990375951e-14,-6.1630196861894991e-17,1.1218157183724746e-14,-1.6767542739500094e-14,-7.3798156526067397e-15,3.8027354161421333e-15,-2.1336818575764209e-16,8.9004873352747177e-16,0,0,0,0,0,0,0,0,0,0,0,0,0,0,0,-0,0,0,-0,0,0,-0,0,0,0,-0,0,-0,0,0,0,0,-0,-0,0,0,0,0,0,0,0,0,0,0,0,0,0,0,0,0,0,-0,0,-0,-0,0,-0,0,0,0,-0,0,0,0,0,0,-0,0,0,-0,0,0,0,0,0,0,0,0,0,0,0,0,0,0,0,0
0.16,-1.7191050381388287e-17,-1.3646103356025898e-18,-0.13341599999999998,-1.0632749655013203e-17,5.0127806951653547e-17,-3.0965176067225213e-19,1,2.9609797817264721e-17,-1.3044738475298525e-16,1.8550213452338186e-17,3.2273826954436093e-17,-8.8829700185060862e-17,-5.1805307066901561e-18,-1.0101492930199193e-16,1.6257597508701517e-17,-1.5696000000000001,-2.2434225657212282e-16,1.4765837190333961e-15,-8.8925399477393578e-18,3.0173975855642891e-16,-2.0037944999692511e-15,2.5283778767048792e-16,6.2194335627538238e-16,-1.0893653316605633e-15,-1.6770565426184787e-16,1.2851657549824046e-15,-1.1885434192556841e-16,-9.8099999999999987,-8.5400872009307904e-15,1.1183535805770216e-14,-4.2119933879583519e-17,1.6806737891528839e-14,-1.6973940492352981e-14,-1.2359843315820167e-14,7.6376841525748183e-15,2.8796811329825404e-15,-2.5374107893682784e-15,0,0,0,0,0,0,0,0,0,0,0,0,0,0,0,-0,0,0,-0,0,0,-0,0,0,0,-0,0,-0,0,0,0,0,-0,-0,0,0,0,0,0,0,0,0,0,0,0,0,0,0,0,0,0,-0,0,-0,-0,0,-0,0,0,0,-0,0,0,0,0,0,-0,0,0,-0,0,0,0,0,0,0,0,0,0,0,0,0,0,0,0,0
0.17000000000000001,-1.9905418683827388e-17,-1.5681128412094093e-18,-0.15009299999999998,-1.2113026373264971e-17,5.823957310372478e-17,-3.5772764566341266e-19,1,3.4011444810828636e-17,-1.5253111458710737e-16,2.014144742736811e-17,3.9266795646794913e-17,-9.9654001150860667e-17,-7.2057864711524493e-18,-9.0712550525555734e-17,1.7582880121677563e-17,-1.6677000000000002,-2.9605534365035343e-16,1.6223532304142461e-15,-9.615176998232101e-18,4.4016469935639119e-16,-2.2083729834122122e-15,1.5912339750299239e-16,6.9929686923588183e-16,-1.082430096579981e-15,-2.0252557644622932e-16,1.0302378776436196e-15,1.3252826129760452e-16,-9.8099999999999987,-7.1713087078230598e-15,1.4576951138085005e-14,-7.2263705049274348e-17,1.3842494079996229e-14,-2.0457848344296119e-14,-9.3714390167495523e-15,7.7353512960499411e-15,6.9352350805822257e-16,-3.4819922184381449e-15,0,0,0,0,0,0,0,0,0,0,0,0,0,0,0,-0,0,0,-0,0,0,-0,0,0,0,-0,0,-0,0,0,0,0,-0,-0,0,-0,0,0,0,0,0,0,0,0,0,0,0,0,0,0,0,-0,0,-0,-0,0,-0,0,0,0,-0,0,0,0,0,0,-0,0,0,-0,0,0,0,0,0,0,0,0,0,0,0,0,0,0,0,0
0.18000000000000002,-2.2750370260431271e-17,-1.8069575220260685e-18,-0.16775099999999998,-1.3841847932473042e-17,6.6758295714983993e-17,-4.0775510368091844e-19,1,3.9340622050592784e-17,-1.7587398522520261e-16,2.1215714294950599e-17,4.6927613338209865e-17,-1.1069155408029383e-16,-9.6323192667804683e-18,-6.3773920900312439e-17,2.1946648967406291e-17,-1.7658000000000003,-3.4576431184161426e-16,1.703744522251843e-15,-1.0005491603501161e-17,5.3291772397641462e-16,-2.334287063809523e-15,1.0742668675824879e-16,7.660817691414949e-16,-1.1037552929433158e-15,-2.4265327956280186e-16,2.6938629625243291e-15,4.3637688457287281e-16,-9.8099999999999987,-4.9708968191260819e-15,8.1391291837596933e-15,-3.9031460526905903e-17,9.2753024620023414e-15,-1.2591408039731092e-14,-5.1696710744743599e-15,6.6784899905613063e-15,-2.1325196363334777e-15,-4.0127703116572546e-15,0,0,0,0,0,0,0,0,0,0,0,0,0,0,0,-0,0,0,-0,0,0,-0,0,0,0,-0,0,-0,0,0,0,0,-0,-0,0,-0,0,0,0,0,0,0,0,0,0,0,0,0,0,0,0,-0,0,-0,-0,0,-0,0,0,0,-0,0,0,0,0,0,-0,0,0,-0,0,0,0,0,0,0,0,0,0,0,0,0,0,0,0,0
0.19000000000000003,-2.5633463665810064e-17,-2.084002668183193e-18,-0.18639,-1.5831202220611838e-17,7.5291988794915939e-17,-4.5766685621043504e-19,1,4.5720223636417554e-17,-1.9901726244778878e-16,2.146271991019497e-17,5.4137728541340589e-17,-1.2150518722668038e-16,-1.1696260927107034e-17,-2.3541815239876629e-17,2.7603083564622473e-17,-1.8639000000000003,-3.9787085762775922e-16,1.706738615986389e-15,-9.9823505059033316e-18,6.3796015858247689e-16,-2.3143277222586171e-15,2.4700561524437002e-17,7.2101152031307235e-16,-1.081363314638655e-15,-2.0639416603265659e-16,4.023210566043581e-15,5.6564345972161811e-16,-9.8099999999999987,-5.2106545786144947e-15,2.9940937345459573e-16,2.314109759782972e-18,1.0504243460606224e-14,1.9959341550905917e-15,-8.2726125233811782e-15,-4.5070248828422551e-15,2.2391978304660813e-15,3.6259113530145258e-15,0,0,0,0,0,0,0,0,0,0,0,0,0,0,0,-0,0,0,-0,0,0,-0,0,0,0,-0,0,-0,0,0,0,0,-0,-0,0,-0,0,0,0,0,0,0,0,0,0,0,0,0,0,0,0,-0,0,-0,-0,0,-0,0,0,0,-0,0,0,0,0,0,-0,0,0,-0,0,0,0,0,0,0,0,0,0,0,0,0,0,0,0,0
0.20000000000000004,-2.8506937361945745e-17,-2.3793623591261837e-18,-0.20601,-1.7931788747304056e-17,8.3748144373929584e-17,-5.0730378070387331e-19,1,5.2416629536792216e-17,-2.2187508607487193e-16,2.184397669299358e-17,6.1145786276584489e-17,-1.3307067986242743e-16,-1.364998765533803e-17,2.4689371663707134e-17,3.6707019184751935e-17,-1.9620000000000004,-4.2011730533844342e-16,1.6912311158027286e-15,-9.9273848986876583e-18,6.6964059003746642e-16,-2.2857823627083151e-15,3.8125678279860974e-17,7.0080577352438984e-16,-1.1565492635747044e-15,-1.9537267282309957e-16,4.823118690358376e-15,9.1039356201294578e-16,-9.8099999999999987,-2.2246447710684211e-15,-1.5507500183660328e-15,5.4965607215673013e-18,3.1680431454989548e-15,2.8545359550302094e-15,1.342511675542397e-15,-2.0205746788682555e-15,-7.518594893604941e-15,1.1021493209557017e-15,0,0,0,0,0,0,0,0,0,0,0,0,0,0,0,-0,0,0,-0,0,0,-0,0,0,0,-0,0,-0,0,0,0,0,-0,-0,0,-0,0,0,0,0,0,0,0,0,0,0,0,0,0,0,0,-0,0,-0,-0,0,-0,0,0,0,-0,0,0,0,0,0,-0,0,0,-0,0,0,0,0,0,0,0,0,0,0,0,0,0,0,0,0
0.21000000000000005,-3.1478818622152042e-17,-2.680506093710343e-18,-0.22661100000000001,-2.0056379766802034e-17,9.2449800836256829e-17,-5.5854989872308531e-19,1,5.9193193479100208e-17,-2.4532256227183164e-16,2.2279180068183638e-17,6.8196398030647686e-17,-1.4505209919285993e-16,-1.549781363946515e-17,6.5797260906875475e-17,4.8145052497494067e-17,-2.0601000000000003,-4.2491820389959553e-16,1.7403312924654483e-15,-1.0249223603842393e-17,6.776563942307989e-16,-2.3447476196959727e-15,4.3520337519005659e-17,7.0506117540631972e-16,-1.1981419330432513e-15,-1.8478259841271211e-16,4.1107889243168339e-15,1.1438033312742135e-15,-9.8099999999999987,-4.8008985611521158e-16,4.9100176662719708e-15,-3.2183870515473442e-17,8.0158041933324335e-16,-5.8965256987657778e-15,5.3946592391446824e-16,4.2554018819298785e-16,-4.1592669468546806e-15,1.0590074410387471e-15,0,0,0,0,0,0,0,0,0,0,0,0,0,0,-0,-0,0,0,-0,0,0,-0,0,0,0,-0,0,-0,0,0,0,0,0,-0,0,-0,0,0,0,0,0,0,0,0,0,0,0,0,0,0,0,-0,0,-0,-0,0,-0,0,0,0,-0,0,0,0,0,0,-0,0,0,-0,0,0,0,0,0,0,0,0,0,0,0,0,0,0,0,0
0.22000000000000006,-3.4506131006772229e-17,-2.9836781831731202e-18,-0.248193,-2.2178008467103915e-17,1.01313955722116e-16,-6.1093742105248497e-19,1,6.58686778043223e-17,-2.6926964159246252e-16,2.3130420271018385e-17,7.546018839835496e-17,-1.5796666103800674e-16,-1.7371656211894749e-17,1.154497009422617e-16,6.083304774013811e-17,-2.1582000000000003,-4.2432574006037627e-16,1.7728309771718339e-15,-1.0477504465879942e-17,6.6754843252220876e-16,-2.394707932063088e-15,8.5124020283474634e-17,7.2637903677072734e-16,-1.2914561845146805e-15,-1.873842572429598e-16,4.9652440035386212e-15,1.2687995242644047e-15,-9.8099999999999987,5.924638392192803e-17,3.2499684706385653e-15,-2.2828086203754809e-17,-1.0107961708590144e-15,-4.9960312367115456e-15,4.1603682764468976e-15,2.1317861364407655e-15,-9.3314251471429181e-15,-2.6016588302477039e-16,0,0,0,0,0,0,0,0,0,0,0,0,0,0,-0,-0,0,0,-0,0,0,-0,0,0,0,-0,0,-0,0,0,0,0,0,-0,0,-0,0,0,0,0,0,0,0,0,0,0,0,0,0,0,0,-0,0,-0,-0,0,-0,0,0,0,-0,0,0,0,0,0,-0,0,0,-0,0,0,0,0,0,0,0,0,0,0,0,0,0,0,0,0
0.23000000000000007,-3.7647394483746312e-17,-3.2795424616710141e-18,-0.270756,-2.4234748390910654e-17,1.1043804031100244e-16,-6.6545776012063134e-19,1,7.2258503443142932e-17,-2.9375284289353803e-16,2.4413655381743872e-17,8.2602971622931869e-17,-1.7172907567979916e-16,-1.9010052005370912e-17,1.6364968095211682e-16,7.5134675448948885e-17,-2.2563000000000004,-4.1134798476134777e-16,1.8248169177772867e-15,-1.0904067813629273e-17,6.3898256388206361e-16,-2.4483201301075488e-15,1.2832351107254869e-16,7.1427832245769058e-16,-1.3762414641792425e-15,-1.6383957934761631e-16,4.8199980009855119e-15,1.4301627708810778e-15,-9.8099999999999987,1.29777552990285e-15,5.1985940605452804e-15,-4.265633477493314e-17,-2.8565868640145123e-15,-5.3612198044460666e-15,4.3199490789074052e-15,-1.2100714313036766e-15,-8.4785279664561943e-15,2.3544677895343482e-15,0,0,0,0,0,0,0,0,0,0,0,0,0,0,-0,-0,0,0,-0,0,0,-0,0,0,0,-0,0,-0,0,0,0,0,0,-0,0,-0,0,0,0,0,0,0,0,0,0,0,0,0,0,0,0,-0,0,-0,-0,0,-0,0,0,0,-0,0,0,0,0,0,-0,0,0,-0,0,0,0,0,0,0,0,0,0,0,0,0,0,0,0,0
0.24000000000000007,-4.0865177063904267e-17,-3.5912158602264198e-18,-0.29430000000000001,-2.6384176211594821e-17,1.1975349445609989e-16,-7.2094302259222979e-19,1,7.9017742662958461e-17,-3.1874112637156423e-16,2.5406801843097663e-17,8.9889060071600333e-17,-1.8539550527261562e-16,-2.0696483284017738e-17,2.2018469143987074e-16,8.8009856228598327e-17,-2.3544000000000005,-4.2988556413683301e-16,1.8630908290194912e-15,-1.1097052494319704e-17,6.7592392198155315e-16,-2.498828347802622e-15,9.9314646135379011e-17,7.2860884486684662e-16,-1.366642959281647e-15,-1.6864312786468238e-16,5.6535010487753935e-15,1.2875180779649438e-15,-9.8099999999999987,-1.8537579375485248e-15,3.8273911242204586e-15,-1.9298468069043106e-17,3.6941358099489509e-15,-5.0508217695073201e-15,-2.9008864937169685e-15,1.4330522409156071e-15,9.5985048975955511e-16,-4.8035485170660553e-16,0,0,0,0,0,0,0,0,0,0,0,0,0,0,-0,-0,0,0,-0,0,0,-0,0,0,0,-0,0,-0,0,0,0,0,0,-0,0,-0,0,0,0,0,0,0,0,0,0,0,0,0,0,0,0,-0,0,-0,-0,0,-0,0,0,0,-0,0,0,0,0,0,-0,0,0,-0,0,0,0,0,0,0,0,0,0,0,0,0,0,0,0,0
0.25000000000000006,-4.4321121235307706e-17,-3.9134380175905461e-18,-0.31882500000000003,-2.8589692997312194e-17,1.2975972050094242e-16,-7.8046830264164954e-19,1,8.5907212024845025e-17,-3.4562634644871049e-16,2.6689100627434311e-17,9.7710693089586382e-17,-2.0014972004097113e-16,-2.2330389000845715e-17,2.6633674254180277e-16,1.0260119849843185e-16,-2.4525000000000006,-4.4110335714347401e-16,2.0012452089685068e-15,-1.1905056009883934e-17,6.8894693618865605e-16,-2.6885220077146256e-15,1.2822987843366494e-16,7.8216330179860471e-16,-1.4754214768355503e-15,-1.6339057168279776e-16,4.6152051101932051e-15,1.4591342269833522e-15,-9.8099999999999987,-1.121779300664099e-15,1.3815437994901572e-14,-8.0800351556422936e-17,1.302301420710286e-15,-1.8969365991200346e-14,2.8915232298285934e-15,5.3554456931758056e-15,-1.0877851755390336e-14,5.2525561818846039e-16,0,0,0,0,0,0,0,0,0,0,0,0,0,0,-0,-0,0,0,-0,0,0,-0,0,0,0,-0,0,-0,0,0,0,0,0,-0,0,-0,0,0,0,0,0,0,0,0,0,0,0,0,0,0,0,-0,0,-0,-0,0,-0,0,0,0,-0,0,0,0,0,0,-0,0,0,-0,0,0,0,0,0,0,0,0,0,0,0,0,0,0,0,0
0.26000000000000006,-4.7878758343344961e-17,-4.2516723960258653e-18,-0.34433100000000005,-3.0889514190620973e-17,1.4005490833079252e-16,-8.4154409258828937e-19,1,9.3188748670742844e-17,-3.7335855014104728e-16,2.7699910164855474e-17,1.0587972971974298e-16,-2.1508522035306809e-16,-2.4079290912084026e-17,3.3242548149449756e-16,1.1788422801001042e-16,-2.5506000000000006,-4.5996423866175537e-16,2.0590375659700193e-15,-1.2215157989327966e-17,7.2815366458978152e-16,-2.7732203692336769e-15,1.0108095374211618e-16,8.1690366301565949e-16,-1.4935500312096973e-15,-1.748901911238311e-16,6.6088738952694794e-15,1.5283029511578566e-15,-9.8099999999999987,-1.8860881518281317e-15,5.7792357001512495e-15,-3.1010197944403225e-17,3.9206728401125485e-15,-8.4698361519051499e-15,-2.7148924691548757e-15,3.4740361217054824e-15,-1.8128554374146982e-15,-1.1499619441033325e-15,0,0,0,0,0,0,0,0,0,0,0,0,0,0,-0,-0,0,0,-0,0,0,-0,0,0,0,-0,0,-0,0,0,0,0,0,-0,0,-0,0,0,0,0,0,0,0,0,0,0,0,0,0,0,0,-0,0,-0,-0,0,-0,0,0,0,-0,0,0,0,0,0,-0,0,0,-0,0,0,0,0,0,0,0,0,0,0,0,0,0,0,0,0
0.27000000000000007,-5.1375168516498654e-17,-4.6150795759616578e-18,-0.37081800000000004,-3.3347669765013229e-17,1.5010618795566626e-16,-9.0070364977947815e-19,1,1.0121135166044787e-16,-4.0024863273527919e-16,2.784304190811815e-17,1.1340673883721261e-16,-2.2929558667053717e-16,-2.5255004283102101e-17,4.1890867841857387e-16,1.3380431114970912e-16,-2.6487000000000007,-4.9163111487845168e-16,2.0102559249747493e-15,-1.1831911438237757e-17,8.0226029897050259e-16,-2.6890082594231922e-15,1.4313174326267884e-17,7.5270091174696306e-16,-1.4210366317469062e-15,-1.1757133710180751e-16,8.6483196924076297e-15,1.5920083139698697e-15,-9.8099999999999987,-3.1666876216696287e-15,-4.8781640995269876e-15,3.832465510902086e-17,7.4106634380721097e-15,8.421210981048453e-15,-8.6767779415848296e-15,-6.4202751268696457e-15,7.2513399462791064e-15,5.7318854022023594e-15,0,0,0,0,0,0,0,0,0,0,0,0,0,0,-0,-0,0,0,-0,0,0,-0,0,0,0,-0,0,-0,0,0,0,0,0,-0,0,-0,0,0,0,0,0,0,0,0,0,0,0,0,0,0,0,-0,0,-0,-0,0,-0,0,0,0,-0,0,0,0,0,0,-0,0,0,-0,0,0,0,0,0,0,0,0,0,0,0,0,0,0,0,0
0.28000000000000008,-5.4867551697228286e-17,-4.9756773094224695e-18,-0.39828600000000003,-3.5770281977194026e-17,1.6009555048578241e-16,-9.5987404459366985e-19,1,1.0902033195632017e-16,-4.2687115452189868e-16,2.8435651345110962e-17,1.2064741034849594e-16,-2.4433781222021297e-16,-2.6149749287482026e-17,5.0282381707800809e-16,1.5379341649941384e-16,-2.7468000000000008,-4.8452244243615915e-16,1.9978725060232293e-15,-1.1834078962838352e-17,7.8089802958722951e-16,-2.6622521786619517e-15,5.9260943699281473e-17,7.2406715112833267e-16,-1.5042225549675819e-15,-8.9474500437992479e-17,8.3915138659434183e-15,1.9989105349704728e-15,-9.8099999999999987,7.1086724422925455e-16,-1.2383418951520154e-15,-2.1675246005940889e-19,-2.1362269383273074e-15,2.6756080761240397e-15,4.4947769373013587e-15,-2.8633760618630417e-15,-8.3185923220675655e-15,2.8096836663815026e-15,0,0,0,0,0,0,0,0,0,0,0,0,0,0,-0,-0,0,0,-0,0,0,-0,0,0,0,-0,0,-0,0,0,0,0,0,-0,0,-0,0,0,0,0,0,0,0,0,0,0,0,0,0,0,0,-0,0,-0,-0,0,-0,0,0,0,-0,0,0,0,0,0,-0,0,0,-0,0,0,0,0,0,0,0,0,0,0,0,0,0,0,0,0
0.29000000000000009,-5.8465948904128118e-17,-5.3161423032745645e-18,-0.42673500000000003,-3.8039415458730534e-17,1.7033150631447641e-16,-1.0216106877654256e-18,1,1.1615789694415424e-16,-4.541032976458254e-16,2.9901615130372338e-17,1.2805094069469062e-16,-2.6075574816139789e-16,-2.7201172393782152e-17,5.8019221320107268e-16,1.7593470885025238e-16,-2.8449000000000009,-4.538266963073017e-16,2.0471911657388e-15,-1.2347328634351147e-17,7.1375649878340631e-16,-2.7232143123926758e-15,1.4659637852613781e-16,7.4035303461946695e-16,-1.6417935941184915e-15,-1.0514231063001267e-16,7.7368396123064634e-15,2.2141292350838544e-15,-9.8099999999999987,3.0695746128857446e-15,4.9318659715570664e-15,-5.1324967151279612e-17,-6.7141530803823245e-15,-6.0962133730724143e-15,8.7335434826856332e-15,1.6285883491134227e-15,-1.3757103915090949e-14,-1.5667810192020193e-15,0,0,0,0,0,0,0,0,0,0,0,0,0,0,-0,-0,0,0,-0,0,0,-0,0,0,0,-0,0,-0,0,0,0,0,0,-0,0,-0,0,0,0,0,0,0,0,0,0,0,0,0,0,0,0,-0,0,-0,-0,0,-0,0,0,0,-0,0,0,0,0,0,-0,0,0,-0,0,0,0,0,0,0,0,0,0,0,0,0,0,0,0,0
0.3000000000000001,-6.2283346706739358e-17,-5.6722968378714334e-18,-0.45616500000000004,-4.0398964196698671e-17,1.8119969329935154e-16,-1.0870299930791377e-18,1,1.2357898734330906e-16,-4.8313946302839639e-16,3.1476343753205568e-17,1.361259575444351e-16,-2.7804815602441254e-16,-2.8445879617456425e-17,6.5281654020237197e-16,1.952286978662413e-16,-2.9430000000000009,-4.7190974759362759e-16,2.1736373969750273e-15,-1.3083861062742427e-17,7.4210903991548176e-16,-2.9036165382570973e-15,1.5747286228332284e-16,8.075016849744481e-16,-1.7292407863014658e-15,-1.2447072236742707e-16,7.2624327001299249e-15,1.9293989015988912e-15,-9.8099999999999987,-1.8083051286325921e-15,1.2644623123622723e-14,-7.3653242839128031e-17,2.8352541132075484e-15,-1.8040222586442134e-14,1.0876483757185037e-15,6.714865035498121e-15,-8.744719218297433e-15,-1.9328411737414401e-15,0,0,0,0,0,0,0,0,0,0,0,0,0,0,-0,-0,0,0,-0,0,0,-0,0,0,0,-0,0,-0,0,0,0,0,0,-0,0,-0,0,0,0,0,0,0,0,0,0,0,0,0,0,0,0,-0,0,-0,-0,0,-0,0,0,0,-0,0,0,0,0,0,-0,0,0,-0,0,0,0,0,0,0,0,0,0,0,0,0,0,0,0,0
0.31000000000000011,-6.630636826353815e-17,-6.0336308604687963e-18,-0.48657600000000006,-4.2773992979171523e-17,1.9259248444332298e-16,-1.1557533958912424e-18,1,1.3099689471935849e-16,-5.1348068194883816e-16,3.3282495591917407e-17,1.4440839624897648e-16,-2.9593245293643188e-16,-2.9613876846342557e-17,7.3443723605336849e-16,2.1680387780780266e-16,-3.041100000000001,-4.7500575649456993e-16,2.2785582287942888e-15,-1.3744680562420963e-17,7.417907376049426e-16,-3.0341218920441766e-15,1.8061518387118394e-16,8.2824387045413758e-16,-1.7884296912019347e-15,-1.1679972288861324e-16,8.1620695850996558e-15,2.1575179941561361e-15,-9.8099999999999987,-3.0960089009423523e-16,1.0492083181926163e-14,-6.6081949967853561e-17,-3.1830231053915482e-17,-1.3050535378707934e-14,2.3142321587861104e-15,2.0742185479689485e-15,-5.9188904900469074e-15,7.6709994788138209e-16,0,0,0,0,0,0,0,0,0,0,0,0,0,0,-0,-0,0,0,-0,0,0,-0,0,0,0,-0,0,-0,0,0,0,0,0,-0,0,-0,0,0,0,0,0,0,0,0,0,0,0,0,0,0,0,-0,0,-0,-0,0,-0,0,0,0,-0,0,0,0,0,0,-0,0,0,-0,0,0,0,0,0,0,0,0,0,0,0,0,0,0,0,0
0.32000000000000012,-7.05903745612825e-17,-6.4113457810376679e-18,-0.5179680000000001,-4.5243344343468624e-17,2.0469975568293111e-16,-1.2287054987588621e-18,1,1.3871550124592419e-16,-5.4578722344181546e-16,3.5110956020117581e-17,1.5338153793391497e-16,-3.1434994763906428e-16,-3.1088775748837544e-17,8.1877917042990249e-16,2.3853253326634488e-16,-3.1392000000000011,-4.9387027285941975e-16,2.4214542479216232e-15,-1.4590420573523891e-17,7.7186065265656943e-16,-3.2306541492977302e-15,1.828460428200175e-16,8.9731416849384998e-16,-1.8417494702632379e-15,-1.4748989024949841e-16,8.4341934376533952e-15,2.1728655458542198e-15,-9.8099999999999987,-1.8864516364849824e-15,1.4289601912733424e-14,-8.45740011102929e-17,3.0069915051626865e-15,-1.9653225725355356e-14,2.2308589488335567e-16,6.9070298039712479e-15,-5.3319779061303216e-15,-3.0690167360885169e-15,0,0,0,0,0,0,0,0,0,0,0,0,0,0,-0,-0,0,0,-0,0,0,-0,0,0,0,-0,0,-0,0,0,0,0,0,-0,0,-0,0,0,0,0,0,0,0,0,0,0,0,0,0,0,0,-0,0,-0,-0,0,-0,0,0,0,-0,0,0,0,0,0,-0,0,0,-0,0,0,0,0,0,0,0,0,0,0,0,0,0,0,0,0
0.33000000000000013,-7.4998956401271266e-17,-6.8409216642398928e-18,-0.55034100000000008,-4.8037218704813464e-17,2.1717189680737548e-16,-1.3032048815535387e-18,1,1.4770316252413176e-16,-5.7924223032170213e-16,3.6075199417757223e-17,1.6298174892669436e-16,-3.3281539746590301e-16,-3.2927550797248823e-17,9.2486691660799311e-16,2.5901957843598124e-16,-3.2373000000000012,-5.587748722689682e-16,2.4944282248888741e-15,-1.4899876558935307e-17,8.9876612782075707e-16,-3.3455006879886693e-15,9.6424339763964403e-17,9.6002109927793901e-16,-1.8465449826838733e-15,-1.838775048411279e-16,1.0608774617809059e-14,2.0487045169636364e-15,-9.8099999999999987,-6.4904599409548485e-15,7.2973976967250939e-15,-3.0945598541141717e-17,1.2690547516418765e-14,-1.1484653869093929e-14,-8.64217030560531e-15,6.2706930784089097e-15,-4.7955124206356443e-16,-3.6387614591629489e-15,0,0,0,0,0,0,0,0,0,0,0,0,0,0,-0,-0,0,0,-0,0,0,-0,0,0,0,-0,0,-0,0,0,0,0,0,-0,0,-0,0,0,0,0,0,0,0,0,0,0,0,0,0,0,0,-0,0,-0,-0,0,-0,0,0,0,-0,0,0,0,0,0,-0,0,0,-0,0,0,0,0,0,0,0,0,0,0,0,0,0,0,0,0
0.34000000000000014,-7.9348315387226198e-17,-7.2828766084213632e-18,-0.58369500000000007,-5.0890669431927003e-17,2.2941333139330073e-16,-1.3769108979829743e-18,1,1.567399522137434e-16,-6.1198584453660375e-16,3.760695395379974e-17,1.7223819283044978e-16,-3.5267258120608086e-16,-3.4625024590230181e-17,1.0546044715450429e-15,2.8576858367313716e-16,-3.3354000000000013,-5.7069014542270824e-16,2.4482869171850449e-15,-1.4741203285887124e-17,9.0367896896116319e-16,-3.2743614214901653e-15,1.5317545360425182e-16,9.2564439037554176e-16,-1.9857183740177843e-15,-1.6974737929813593e-16,1.2973755493704976e-14,2.6749005237155925e-15,-9.8099999999999987,-1.1915273153740062e-15,-4.6141307703829184e-15,1.5867327304818368e-17,4.9128411404061519e-16,7.1139266498503931e-15,5.6751113840287432e-15,-3.4376708902397202e-15,-1.3917339133391087e-14,1.4130125542991975e-15,0,0,0,0,0,0,0,0,0,0,0,0,0,0,-0,-0,0,0,-0,0,0,-0,0,0,0,-0,0,-0,0,0,0,0,0,-0,0,-0,0,0,0,0,0,0,0,0,0,0,0,0,0,0,0,-0,0,-0,-0,0,-0,0,0,0,-0,0,0,0,0,0,-0,0,0,-0,0,0,0,0,0,0,0,0,0,0,0,0,0,0,0,0
0.35000000000000014,-8.389974712317987e-17,-7.7113887661345314e-18,-0.61803000000000008,-5.3636090594971396e-17,2.4222798349612806e-16,-1.4542361500381033e-18,1,1.6515687861351634e-16,-6.4637343138909221e-16,4.0182520464145853e-17,1.8209853261262923e-16,-3.7388414614471612e-16,-3.6453014704034585e-17,1.164237281077487e-15,3.1604141478103893e-16,-3.4335000000000013,-5.4908423260887894e-16,2.5629304205654625e-15,-1.5465050411025808e-17,8.416926399772953e-16,-3.4387586852488447e-15,2.5755665103461124e-16,9.8603397821794571e-16,-2.1211564938635246e-15,-1.8279901138044058e-16,1.0963280953244418e-14,3.0272831107901787e-15,-9.8099999999999987,2.1605912813829272e-15,1.146435033804176e-14,-7.2384712513868391e-17,-6.1986328983867926e-15,-1.6439726375867962e-14,1.0438119743035942e-14,6.038958784240394e-15,-1.3543811984574021e-14,-1.3051632082304644e-15,0,0,0,0,0,0,0,0,0,0,0,0,0,0,-0,-0,0,0,-0,0,0,-0,0,0,0,-0,0,-0,0,0,0,0,0,-0,0,-0,0,0,0,0,0,0,0,0,0,0,0,0,0,0,0,-0,0,-0,-0,0,-0,0,0,0,-0,0,0,0,0,0,-0,0,0,-0,0,0,0,0,0,0,0,0,0,0,0,0,0,0,0,0
0.36000000000000015,-8.8757455265210687e-17,-8.1434618661821688e-18,-0.65334600000000009,-5.6383565633428414e-17,2.5596528694242089e-16,-1.5370180176876931e-18,1,1.7346425450036909e-16,-6.8359292727334843e-16,4.3275753991516907e-17,1.9338290087371714e-16,-3.9626340452553042e-16,-3.90300287885484e-17,1.2736485396776984e-15,3.4533810793145323e-16,-3.5316000000000014,-5.4949500769140464e-16,2.7474606892585664e-15,-1.6556373529917934e-17,8.3073758868527446e-16,-3.7219495884256227e-15,3.0932335273710536e-16,1.1284368261087912e-15,-2.2379258380814288e-15,-2.5770140845138185e-16,1.0941125860021136e-14,2.92966931504143e-15,-9.8099999999999987,-4.1077508252566567e-17,1.8453026869310396e-14,-1.0913231188921259e-16,-1.095505129202083e-15,-2.8319090317677766e-14,5.1766701702494107e-15,1.4240284789084541e-14,-1.1676934421790429e-14,-7.490239707094126e-15,0,0,0,0,0,0,0,0,0,0,0,0,0,0,-0,-0,0,0,-0,0,0,-0,0,0,0,-0,0,-0,0,0,0,0,0,-0,0,-0,0,0,0,0,0,0,0,0,0,0,0,0,0,0,0,-0,0,-0,-0,0,-0,0,0,0,-0,0,0,0,0,0,-0,0,0,-0,0,0,0,0,0,0,0,0,0,0,0,0,0,0,0,0
0.37000000000000016,-9.3670269354056325e-17,-8.5738293491260671e-18,-0.68964300000000012,-5.9100454908105377e-17,2.6982050521932214e-16,-1.6207916580543562e-18,1,1.8152156133013018e-16,-7.2112395403856773e-16,4.6960835224019876e-17,2.0473315425570101e-16,-4.195971406095596e-16,-4.1574216510778417e-17,1.4171632809249157e-15,3.7613560106521548e-16,-3.6297000000000015,-5.4337785493539334e-16,2.7710436553802494e-15,-1.6754728073332606e-17,8.0573068297610976e-16,-3.7531026765219333e-15,3.6850812325029679e-16,1.1350253381983857e-15,-2.3333736084029176e-15,-2.5441877222300182e-16,1.435147412472173e-14,3.0797493133762274e-15,-9.8099999999999987,6.1171527560112697e-16,2.3582966121683194e-15,-1.9835454341467213e-17,-2.5006905709164729e-15,-3.1153088096310178e-15,5.9184770513191439e-15,6.5885120895945482e-16,-9.5447770321488818e-15,3.2826362283800182e-16,0,0,0,0,0,0,0,0,0,0,0,0,0,0,-0,-0,0,0,-0,0,0,-0,0,0,0,-0,0,-0,0,0,0,0,0,-0,0,-0,0,0,0,0,0,0,0,0,0,0,0,0,0,0,0,-0,0,-0,-0,0,-0,0,0,0,-0,0,0,0,0,0,-0,0,0,-0,0,0,0,0,0,0,0,0,0,0,0,0,0,0,0,0
0.38000000000000017,-9.8748252617589735e-17,-9.0377029648005127e-18,-0.72692100000000015,-6.2014156037411378e-17,2.8407497756969684e-16,-1.7067248055348548e-18,1,1.9028692157073886e-16,-7.5960873192222354e-16,5.038138254109157e-17,2.1610885911092544e-16,-4.4349078957950498e-16,-4.3846225530426673e-17,1.5570132543875651e-15,4.0510368511525301e-16,-3.7278000000000016,-5.8274022586119919e-16,2.8508944700749391e-15,-1.7186629496099728e-17,8.7653602406086826e-16,-3.8484777883655853e-15,3.4205473170716905e-16,1.137570485522444e-15,-2.3893648969945371e-15,-2.2720090196482573e-16,1.398499734626494e-14,2.8968084050037547e-15,-9.8099999999999987,-3.9362370925805888e-15,7.9850814694689622e-15,-4.3190142276712031e-17,7.0805341084758465e-15,-9.5375111843652372e-15,-2.6453391543127762e-15,2.5451473240583545e-16,-5.599128859161953e-15,2.7217870258176087e-15,0,0,0,0,0,0,0,0,0,0,0,0,0,0,-0,-0,0,0,-0,0,0,-0,0,0,0,-0,0,-0,0,0,0,0,0,-0,0,-0,0,0,0,0,0,0,0,0,0,0,0,0,0,0,0,-0,0,-0,-0,0,-0,0,0,0,-0,0,0,0,0,0,-0,0,0,-0,0,0,0,0,0,0,0,0,0,0,0,0,0,0,0,0
0.39000000000000018,-1.0395191200004661e-16,-9.515312456448701e-18,-0.76518000000000019,-6.4997969381297506e-17,2.9865727387421744e-16,-1.7947365882607526e-18,1,1.9928208108835688e-16,-7.9904075045498492e-16,5.3870640968784241e-17,2.2788154493751372e-16,-4.6809361138903182e-16,-4.6307467055127169e-17,1.7091093825535847e-15,4.3817474147461977e-16,-3.8259000000000016,-5.9676266877722593e-16,2.9164592609041224e-15,-1.7602356545179529e-17,8.9951595176180212e-16,-3.9432018532761412e-15,3.4892584276926731e-16,1.1772685826588266e-15,-2.460282180952689e-15,-2.461241524700496e-16,1.5209612816601965e-14,3.3071056359366767e-15,-9.8099999999999987,-1.4022442916026785e-15,6.5564790829183236e-15,-4.1572704907980204e-17,2.297992770093383e-15,-9.4724064910556208e-15,6.8711110620982631e-16,3.9698097136382673e-15,-7.0917283958151718e-15,-1.8923250505223867e-15,0,0,0,0,0,0,0,0,0,0,0,0,0,0,-0,-0,0,0,-0,0,0,-0,0,0,0,-0,0,-0,0,0,0,0,0,-0,0,-0,0,0,0,0,0,0,0,0,0,0,0,0,0,0,0,-0,0,-0,-0,0,-0,0,0,0,-0,0,0,0,0,0,-0,0,0,-0,0,0,0,0,0,0,0,0,0,0,0,0,0,0,0,0
0.40000000000000019,-1.0932861656916443e-16,-9.997385791210851e-18,-0.80442000000000025,-6.7992572078871538e-17,3.1371332040894467e-16,-1.8854191065831124e-18,1,2.0828031429330268e-16,-8.3985345525204096e-16,5.7495102176748816e-17,2.4022068491051977e-16,-4.930270131056094e-16,-4.8978274636232354e-17,1.8652717550553474e-15,4.7364755121348862e-16,-3.9240000000000017,-5.9892053951480743e-16,3.0112093069454474e-15,-1.8136503664471902e-17,8.9982332049457998e-16,-4.0812704797056027e-15,3.6244612079645725e-16,1.233913997300603e-15,-2.4933401716577576e-15,-2.6708075811051834e-16,1.5616237250176283e-14,3.5472809738868878e-15,-9.8099999999999987,-2.1578707375815198e-16,9.4750046041324884e-15,-5.3414711929237346e-17,3.0736873277777462e-17,-1.3806862642946182e-14,1.3520278027189967e-15,5.6645414641776339e-15,-3.3057990705068624e-15,-2.0956605640468747e-15,0,0,0,0,0,0,0,0,0,0,0,0,0,0,-0,-0,0,0,-0,0,0,-0,0,0,0,-0,0,-0,0,0,0,0,0,-0,0,-0,0,0,0,0,0,0,0,0,0,0,0,0,0,0,0,-0,0,-0,-0,0,-0,0,0,0,-0,0,0,0,0,0,-0,0,0,-0,0,0,0,0,0,0,0,0,0,0,0,0,0,0,0,0
0.4100000000000002,-1.1493976377681399e-16,-1.051923108656723e-17,-0.84464100000000031,-7.1217886134260189e-17,3.2945322978273392e-16,-1.9795335009980338e-18,1,2.1815407939416768e-16,-8.8278629646083616e-16,6.0592547039314352e-17,2.5366862989676462e-16,-5.1810432614149049e-16,-5.2270726078991388e-17,2.0257654607609954e-15,5.0773385444339963e-16,-4.0221000000000018,-6.4506281107773088e-16,3.1479818747578489e-15,-1.882287888298422e-17,9.8737651008650029e-16,-4.293284120879521e-15,3.0974448625655402e-16,1.344794498624487e-15,-2.5077313035881145e-15,-3.2924514427590335e-16,1.6049370570564799e-14,3.4086303229911017e-15,-9.8099999999999987,-4.6142271562923504e-15,1.3677256781240162e-14,-6.8637521851231714e-17,8.7553189591920304e-15,-2.1201364117391797e-14,-5.2701634539903249e-15,1.1088050132388397e-14,-1.4391131930356727e-15,-6.2164386165384988e-15,0,0,0,0,0,0,0,0,0,0,0,0,0,0,-0,-0,0,0,-0,0,0,-0,0,0,0,-0,0,-0,0,0,0,0,0,-0,0,-0,0,0,0,0,0,0,0,0,0,0,0,0,0,0,0,-0,0,-0,-0,0,-0,0,0,0,-0,0,0,0,0,0,-0,0,0,-0,0,0,0,0,0,0,0,0,0,0,0,0,0,0,0,0
0.42000000000000021,-1.2081333107982402e-16,-1.1077344021839804e-17,-0.88584300000000038,-7.4647026019214522e-17,3.4596686459139998e-16,-2.0775431046659325e-18,1,2.2878840633564821e-16,-9.2812890010721444e-16,6.3264005715517509e-17,2.6837392579402192e-16,-5.4336287137934991e-16,-5.6233070626046294e-17,2.1955091425393056e-15,5.4518131752748921e-16,-4.1202000000000014,-6.8582797699086761e-16,3.302726961733217e-15,-1.9601920733579727e-17,1.0634326941480534e-15,-4.5342603646378343e-15,2.6714586762031511e-16,1.4705295897257311e-15,-2.5258545237859444e-15,-3.9623445470549083e-16,1.6974368177831038e-14,3.7447463084089605e-15,-9.8099999999999987,-4.0765165913136767e-15,1.5474508697536812e-14,-7.7904185059550609e-17,7.6056184061553146e-15,-2.4097624375831326e-14,-4.2598618636238915e-15,1.2573509110124408e-14,-1.812322019783002e-15,-6.6989310429587498e-15,0,0,0,0,0,0,0,0,0,0,0,0,0,0,-0,-0,0,0,-0,0,0,-0,0,0,0,-0,0,-0,0,0,0,0,0,-0,0,-0,0,0,0,0,0,0,0,0,0,0,0,0,0,0,0,-0,0,-0,-0,0,-0,0,0,0,-0,0,0,0,0,0,-0,0,0,-0,0,0,0,0,0,0,0,0,0,0,0,0,0,0,0,0
0.43000000000000022,-1.2676331054421279e-16,-1.1617138207500901e-17,-0.92802600000000035,-7.7944191643729957e-17,3.6270181955877972e-16,-2.1770924201099125e-18,1,2.388659502715324e-16,-9.7424736392834181e-16,6.6541593078393976e-17,2.8357871861598155e-16,-5.6933591511603606e-16,-6.044498640738107e-17,2.3943791639118277e-15,5.8969611490148923e-16,-4.218300000000001,-6.5943312490308704e-16,3.3469909934759509e-15,-1.9909863088796002e-17,1.0077543935884191e-15,-4.6118463821127328e-15,3.2775873628764706e-16,1.5204792821959627e-15,-2.5973043736686184e-15,-4.2119157813347735e-16,1.9887002137252231e-14,4.4514797374000055e-15,-9.8099999999999987,2.6394852087780536e-15,4.4264031742733886e-15,-3.0794235521627499e-17,-5.5678300559634378e-15,-7.7586017474898895e-15,6.0612868667331938e-15,4.9949692470231625e-15,-7.1449849882673919e-15,-2.4957123427986521e-15,0,0,0,0,0,0,0,0,0,0,0,0,0,0,-0,-0,0,0,-0,0,0,-0,0,0,0,-0,0,-0,0,0,0,0,0,-0,0,-0,0,0,0,0,0,0,0,0,0,0,0,0,0,0,0,-0,0,-0,-0,0,-0,0,0,0,-0,0,0,0,0,0,-0,0,0,-0,0,0,0,0,0,0,0,0,0,0,0,0,0,0,0,0
0.44000000000000022,-1.3284641084914872e-16,-1.2175017298025126e-17,-0.97119000000000033,-8.1329361869914065e-17,3.7978946284366223e-16,-2.2785486429911876e-18,1,2.4922509322222903e-16,-1.0214083300820438e-15,6.9841340839483721e-17,2.9921237111497448e-16,-5.9584750496669623e-16,-6.4777620570136091e-17,2.5965793408683069e-15,6.3170045733387063e-16,-4.3164000000000007,-6.77034045236822e-16,3.4175286569764973e-15,-2.0291244576254998e-17,1.035914295069665e-15,-4.716096615370188e-15,3.2997477610897464e-16,1.5633652498992905e-15,-2.6511589850660143e-15,-4.3326341627550179e-16,2.0220017695647912e-14,4.2004342432381371e-15,-9.8099999999999987,-1.7600920333734925e-15,7.05376635005462e-15,-3.8138148745899664e-17,2.8159901481246001e-15,-1.0425023325745507e-14,2.2160398213275918e-16,4.2885967703327834e-15,-5.3854611397395895e-15,-1.2071838142024446e-15,0,0,0,0,0,0,0,0,0,0,0,0,0,0,-0,-0,0,0,-0,0,0,-0,0,0,0,-0,0,-0,0,0,0,0,0,-0,0,-0,0,0,0,0,0,0,0,0,0,0,0,0,0,0,0,-0,0,-0,-0,0,-0,0,0,0,-0,0,0,0,0,0,-0,0,0,-0,0,0,0,0,0,0,0,0,0,0,0,0,0,0,0,0
0.45000000000000023,-1.3942276991948348e-16,-1.2743939445797369e-17,-1.0153350000000003,-8.4758356702315829e-17,3.9825868587147927e-16,-2.3878653631310603e-18,1,2.5962556734002379e-16,-1.0725741845091793e-15,7.3486072603643422e-17,3.1652768683318018e-16,-6.2310553801939667e-16,-6.9883075402832082e-17,2.7770576454695172e-15,6.7630201885988457e-16,-4.4145000000000003,-6.8579896648035252e-16,3.6938446055634132e-15,-2.1863344027974468e-17,1.0400474117794746e-15,-5.1165854427135535e-15,3.6447317641596953e-16,1.7315315718205705e-15,-2.7258033052700417e-15,-5.10545483269599e-16,1.8047830460121038e-14,4.4601561526013968e-15,-9.8099999999999987,-8.7649212435305594e-16,2.763159485869159e-14,-1.5720994517194713e-16,4.1331167098097053e-16,-4.0048882734336527e-14,3.4498400306994901e-15,1.6816632192128e-14,-7.4644320204027554e-15,-7.7282066994097222e-15,0,0,0,0,0,0,0,0,0,0,0,0,0,0,-0,-0,0,0,-0,0,0,-0,0,0,0,-0,0,-0,0,0,0,0,0,-0,0,-0,0,0,0,0,0,0,0,0,0,0,0,0,0,0,0,-0,0,-0,-0,0,-0,0,0,0,-0,0,0,0,0,0,-0,0,0,-0,0,0,0,0,0,0,0,0,0,0,0,0,0,0,0,0
0.46000000000000024,-1.4604346733822708e-16,-1.3288224015343642e-17,-1.0604610000000003,-8.8018247831925656e-17,4.168114321153637e-16,-2.4984635334872798e-18,1,2.6925028650232627e-16,-1.1240421930027851e-15,7.8105593003254227e-17,3.3411530920315582e-16,-6.5152597752293691e-16,-7.527646721084234e-17,3.0160156725530659e-15,7.2524324866659091e-16,-4.5125999999999999,-6.5197822592196533e-16,3.710549248776885e-15,-2.2119634071243806e-17,9.6247191623024681e-16,-5.1468008493605823e-15,4.6195203996108093e-16,1.758762236997565e-15,-2.8420439503540226e-15,-5.3933918080102559e-16,2.3895802708354879e-14,4.8941229806706306e-15,-9.8099999999999987,3.3820740558387187e-15,1.6704643213471653e-15,-2.5629004326933744e-17,-7.7575495549227832e-15,-3.0215406647028934e-15,9.747886354511134e-15,2.7230665176994561e-15,-1.1624064508398078e-14,-2.8793697531426626e-15,0,0,0,0,0,0,0,0,0,0,0,0,0,0,-0,-0,0,0,-0,0,0,-0,0,0,0,-0,0,-0,0,0,0,0,0,-0,0,-0,0,0,0,0,0,0,0,0,0,0,0,0,0,0,0,-0,0,-0,-0,0,-0,0,0,0,-0,0,0,0,0,0,-0,0,0,-0,0,0,0,0,0,0,0,0,0,0,0,0,0,0,0,0
0.47000000000000025,-1.527623165239082e-16,-1.3878715767395218e-17,-1.1065680000000002,-9.1534717042118242e-17,4.3565779725835703e-16,-2.6101529093330935e-18,1,2.7991860678862833e-16,-1.1765898210489774e-15,8.1892550729435934e-17,3.5252659275429252e-16,-6.7974373489475856e-16,-8.1252248994425301e-17,3.2585949573053011e-15,7.6881567993959645e-16,-4.6106999999999996,-7.0329384203851788e-16,3.7692730285986668e-15,-2.2337875169162704e-17,1.0668320286302044e-15,-5.2547628046192394e-15,3.7869577261817017e-16,1.8411283551136692e-15,-2.8217757371821686e-15,-5.9757817835829632e-16,2.4257928475223529e-14,4.3572431273005551e-15,-9.8099999999999987,-5.131561611655258e-15,5.8723779821782064e-15,-2.1824109791889796e-17,1.0436011239995766e-14,-1.0796195525865716e-14,-8.3256267342910777e-15,8.2366118116104383e-15,2.0268213171853922e-15,-5.823899755727074e-15,0,0,0,0,0,0,0,0,0,0,0,0,0,0,-0,-0,0,0,-0,0,0,-0,0,0,0,-0,0,-0,0,0,0,0,0,-0,0,-0,0,0,0,0,0,0,0,0,0,0,0,0,0,0,0,-0,0,-0,-0,0,-0,0,0,0,-0,0,0,0,0,0,-0,0,0,-0,0,0,0,0,0,0,0,0,0,0,0,0,0,0,0,0
0.48000000000000026,-1.5966138771053318e-16,-1.4444889303303299e-17,-1.1536560000000002,-9.4881128789098455e-17,4.5497079149676272e-16,-2.7254156107941986e-18,1,2.8973043924956549e-16,-1.230505329705974e-15,8.6968071150460496e-17,3.7155068293650851e-16,-7.0975310149588595e-16,-8.7554370626790827e-17,3.5038847800676085e-15,8.2117758125922455e-16,-4.7087999999999992,-6.6928234939604175e-16,3.8625988476811468e-15,-2.3052540292220942e-17,9.8118324609371453e-16,-5.3915508656996656e-15,5.0755204210245568e-16,1.9024090182215993e-15,-3.0009366601127409e-15,-6.3021216323655286e-16,2.4528982276230738e-14,5.2361901319628117e-15,-9.8099999999999987,3.4011492642476142e-15,9.332581908248016e-15,-7.146651230582368e-17,-8.5648782536489889e-15,-1.3678806108042623e-14,1.2885626948428555e-14,6.1280663107930112e-15,-1.7916092293057245e-14,-3.2633984878256572e-15,0,0,0,0,0,0,0,0,0,0,0,0,0,0,-0,-0,0,0,-0,0,0,-0,0,0,0,-0,0,-0,0,0,0,0,0,-0,0,-0,0,0,0,0,0,0,0,0,0,0,0,0,0,0,0,-0,0,-0,-0,0,-0,0,0,0,-0,0,0,0,0,0,-0,0,0,-0,0,0,0,0,0,0,0,0,0,0,0,0,0,0,0,0
0.49000000000000027,-1.6673927973480467e-16,-1.5014565777726464e-17,-1.2017250000000002,-9.8227748865102208e-17,4.7476723913079571e-16,-2.8437427391241026e-18,1,2.9939425224683648e-16,-1.2858779241443777e-15,9.269954450019213e-17,3.9122333401745428e-16,-7.4119682392530558e-16,-9.4082798304204269e-17,3.7613685369964611e-15,8.7128741655366044e-16,-4.8068999999999988,-6.6932401520075165e-16,3.9592895268066048e-15,-2.3665425665980713e-17,9.6638129972709741e-16,-5.5372594438403678e-15,5.7314733497316289e-16,1.9672651080945797e-15,-3.1443722429419604e-15,-6.5284276774134398e-16,2.5748375692885288e-14,5.0109835294435906e-15,-9.8099999999999987,-4.1665804709924491e-18,9.6690679125457949e-15,-6.1288537375977123e-17,-1.4801946366617131e-15,-1.4570857814070219e-14,6.5595292870707256e-15,6.4856089872980357e-15,-1.4343558282921955e-14,-2.263060450479106e-15,0,0,0,0,0,0,0,0,0,0,0,0,0,0,-0,-0,0,0,-0,0,0,-0,0,0,0,-0,0,-0,0,0,0,0,0,-0,0,-0,0,0,0,0,0,0,0,0,0,0,0,0,0,0,0,-0,0,-0,-0,0,-0,0,0,0,-0,0,0,0,0,0,-0,0,0,-0,0,0,0,0,0,0,0,0,0,0,0,0,0,0,0,0
0.50000000000000022,-1.7384182563886351e-16,-1.5579744511929464e-17,-1.2507750000000002,-1.0152817949955955e-16,4.945570056574096e-16,-2.9622846650695045e-18,1,3.0883792880095611e-16,-1.3411308104914643e-15,9.8756730746830949e-17,4.1065121833013071e-16,-7.7314713706890366e-16,-1.0033690802604954e-16,4.0442808302802611e-15,9.2328495520836556e-16,-4.9049999999999985,-6.6008612689146792e-16,3.957953305322774e-15,-2.3708385189080304e-17,9.443676554119641e-16,-5.5252886347086569e-15,6.0571862466388201e-16,1.9427884312676419e-15,-3.1950313143598058e-15,-6.2541097218452729e-16,2.8291229328379992e-14,5.19975386547051e-15,-9.8099999999999987,9.2378883092837488e-16,-1.3362214838306522e-16,-4.2959523099591487e-18,-2.2013644315133266e-15,1.1970809131710749e-15,3.2571289690719102e-15,-2.4476676826937772e-15,-5.0659071417845241e-15,2.7431795556816664e-15,0,0,0,0,0,0,0,0,0,0,0,0,0,0,-0,-0,0,0,-0,0,0,-0,0,0,0,-0,0,-0,0,0,0,0,0,-0,0,-0,0,0,0,0,0,0,0,0,0,0,0,0,0,0,-0,-0,0,-0,-0,0,-0,0,0,0,-0,0,-0,0,0,0,-0,0,0,-0,0,0,0,0,0,0,0,0,0,0,0,0,0,0,0,0
0.51000000000000023,-1.8101649205950675e-16,-1.6103937546750774e-17,-1.3008060000000001,-1.0457184071423538e-16,5.1451981147756e-16,-3.0827911174683488e-18,1,3.172538526816986e-16,-1.3970077947181364e-15,1.0577935777567418e-16,4.3059816704201006e-16,-8.0609987078106918e-16,-1.0707165391138167e-16,4.3310455817436406e-15,9.7871970764950582e-16,-5.0030999999999981,-6.0873224293516765e-16,3.9925611640300893e-15,-2.4101290479768771e-17,8.41592388074251e-16,-5.5876984226672176e-15,7.0226270288432288e-16,1.9946948711879354e-15,-3.2952733712165475e-15,-6.7347458853321347e-16,2.8676475146337934e-14,5.5434752441140279e-15,-9.8099999999999987,5.1353883956300241e-15,3.4607858707315099e-15,-3.9290529068846586e-17,-1.0277526733771306e-14,-6.2409787958560365e-15,9.6544078220440903e-15,5.1906439920293237e-15,-1.0024205685674174e-14,-4.8063616348686168e-15,0,0,0,0,0,0,0,0,0,0,0,0,0,0,-0,-0,0,0,-0,0,0,-0,0,0,0,-0,0,-0,0,0,0,0,0,-0,0,-0,0,0,0,0,0,0,0,0,0,0,0,0,0,0,-0,-0,0,-0,-0,0,-0,0,0,0,-0,0,-0,0,0,0,-0,0,0,-0,0,0,0,0,0,0,0,0,0,0,0,0,0,0,0,0
0.52000000000000024,-1.883108261699969e-16,-1.6654028234149721e-17,-1.3518180000000002,-1.0774676214173328e-16,5.3477702311320695e-16,-3.2050770334495937e-18,1,3.2609640574667161e-16,-1.4538089255248485e-15,1.1278188251640635e-16,4.5109930586124698e-16,-8.3967110596241414e-16,-1.1424106208672116e-16,4.6232396015654036e-15,1.0280705881489721e-15,-5.1011999999999977,-6.3498428549957943e-16,4.0514423271293847e-15,-2.4457183196248955e-17,8.8425530649729966e-16,-5.6801130806712001e-15,7.0025247407321755e-16,2.0501138819236943e-15,-3.3571235181344968e-15,-7.1694081753394865e-16,2.9219401982176314e-14,4.9350880499466224e-15,-9.8099999999999987,-2.6252042564411804e-15,5.8881163099295032e-15,-3.5589271648018504e-17,4.2662918423048707e-15,-9.2414658003982815e-15,-2.0102288111053643e-16,5.5419010735758838e-15,-6.1850146917949384e-15,-4.3466229000735146e-15,0,0,0,0,0,0,0,0,0,0,0,0,0,0,-0,-0,0,0,-0,0,0,-0,0,0,0,-0,0,-0,0,0,0,0,0,-0,0,-0,0,0,0,0,0,0,0,0,0,0,0,0,0,0,-0,-0,0,-0,-0,0,-0,0,0,0,-0,0,-0,0,0,0,-0,0,0,-0,0,0,0,0,0,0,0,0,0,0,0,0,0,0,0,0
0.53000000000000025,-1.957517813627509e-16,-1.7216301645329945e-17,-1.4038110000000001,-1.1096931405006323e-16,5.5545087742944204e-16,-3.3297147181996358e-18,1,3.3507561666689397e-16,-1.5120358359528023e-15,1.1987180827856058e-16,4.7256300453590138e-16,-8.7373284599043181e-16,-1.2207123454508672e-16,4.9243264040159906e-15,1.0809431538259847e-15,-5.1992999999999974,-6.4451038166599202e-16,4.1347708632470128e-15,-2.4927536950008351e-17,8.9792109202223409e-16,-5.8226910427953805e-15,7.0899257621542308e-16,2.1463698674654351e-15,-3.4061740028017716e-15,-7.8301724583655529e-16,3.0108680245058689e-14,5.2872565677012606e-15,-9.8099999999999987,-9.5260961664125665e-16,8.3328536117628452e-15,-4.7035375375939519e-17,1.3665785524934478e-15,-1.4257796212418024e-14,8.7401021422054916e-16,9.6255985541740771e-15,-4.905048466727501e-15,-6.6076428302606646e-15,0,0,0,0,0,0,0,0,0,0,0,0,0,0,-0,-0,0,0,-0,0,0,-0,0,0,0,-0,0,-0,0,0,0,0,0,-0,0,-0,0,0,0,0,0,0,0,0,0,0,0,0,0,0,-0,-0,0,-0,-0,0,-0,0,0,0,-0,0,-0,0,0,0,-0,0,0,-0,0,0,0,0,0,0,0,0,0,0,0,0,0,0,0,0
0.54000000000000026,-2.0321558894156181e-16,-1.7799818677605763e-17,-1.4567850000000002,-1.1429780926719449e-16,5.7613805347590356e-16,-3.4544704983295656e-18,1,3.4450646690272392e-16,-1.5703065032849279e-15,1.2666683879877053e-16,4.9402771067492087e-16,-9.081571843963917e-16,-1.2984819417912395e-16,5.2480984446968839e-15,1.1349783558332586e-15,-5.297399999999997,-6.6569904342625397e-16,4.1374352092923134e-15,-2.4951156025985824e-17,9.430850235829954e-16,-5.8270667332125667e-15,6.7950305202099482e-16,2.1464706139019477e-15,-3.4424338405959839e-15,-7.7769596340372194e-16,3.2377204068089319e-14,5.4035202007274006e-15,-9.8099999999999987,-2.1188661760261912e-15,2.6643460453009516e-16,-2.3619075977472705e-18,4.5163931560761351e-15,-4.3756904171859166e-16,-2.9489524194428219e-15,1.0074643651264578e-17,-3.6259837794212458e-15,5.3212824328333518e-16,0,0,0,0,0,0,0,0,0,0,0,0,0,0,-0,-0,0,0,-0,0,0,-0,0,0,0,-0,0,-0,0,0,0,0,0,-0,0,-0,0,0,0,0,0,0,0,0,0,0,0,0,0,0,-0,-0,0,-0,-0,0,-0,0,0,0,-0,0,-0,0,0,0,-0,0,0,-0,0,0,0,0,0,0,0,0,0,0,0,0,0,0,0,0
0.55000000000000027,-2.1085663341075326e-16,-1.8396427297267554e-17,-1.5107400000000002,-1.1767880663526935e-16,5.9726388525147432e-16,-3.5815283761201859e-18,1,3.5409909470994195e-16,-1.6298053691081981e-15,1.3345831191507203e-16,5.1589413723965592e-16,-9.427681468658837e-16,-1.3767195554320712e-16,5.5669857134844201e-15,1.1919689691355636e-15,-5.3954999999999966,-6.7619947361497001e-16,4.2251663551141551e-15,-2.541157555812398e-17,9.5926278072180243e-16,-5.9498865823270103e-15,6.791473116301497e-16,2.1866426564735053e-15,-3.4610962469492055e-15,-7.8237613640831759e-16,3.1888726878753599e-14,5.6990613302305009e-15,-9.8099999999999987,-1.0500430188716012e-15,8.7731145821841707e-15,-4.6041953213815635e-17,1.6177757138807046e-15,-1.2281984911444395e-14,-3.5574039084508348e-17,4.0172042571557509e-15,-1.8662406353221606e-15,-4.6801730045956783e-16,0,0,0,0,0,0,0,0,0,0,0,0,0,0,-0,-0,0,0,-0,0,0,-0,0,0,0,-0,0,-0,0,0,0,0,0,-0,0,-0,0,0,0,0,0,0,0,0,0,0,0,0,0,0,-0,-0,0,-0,-0,0,-0,0,0,0,-0,0,-0,0,0,0,-0,0,0,-0,0,0,0,0,0,0,0,0,0,0,0,0,0,0,0,0
0.56000000000000028,-2.1861481698425774e-16,-1.8976357222639305e-17,-1.5656760000000001,-1.2094303011513388e-16,6.1863854714454785e-16,-3.7107919882360775e-18,1,3.6313649715340889e-16,-1.6899788526855481e-15,1.4102760865829971e-16,5.3802180417044234e-16,-9.7847220507123128e-16,-1.456958614546826e-16,5.9038632452603342e-15,1.2528999298348391e-15,-5.4935999999999963,-6.5284469597290592e-16,4.2749323786147032e-15,-2.5852722423178174e-17,9.037402443466955e-16,-6.0173483577349912e-15,7.5692967432276756e-16,2.2127666930786414e-15,-3.5704058205347534e-15,-8.0239059114754669e-16,3.368775317759139e-14,6.0930960699275434e-15,-9.8099999999999987,2.3354777642064062e-15,4.9766023500548038e-15,-4.4114686505419243e-17,-5.5522536375106859e-15,-6.7461775407981189e-15,7.7782362692617838e-15,2.6124036605136121e-15,-1.0930957358554801e-14,-2.0014454739229097e-15,0,0,0,0,0,0,0,0,0,0,0,0,0,0,-0,-0,0,0,-0,0,0,-0,0,0,0,-0,0,-0,0,0,0,0,0,-0,0,-0,0,0,0,0,0,0,0,0,0,0,0,0,0,0,-0,-0,0,-0,-0,0,-0,0,0,0,-0,0,-0,0,0,0,-0,0,0,-0,0,0,0,0,0,0,0,0,0,0,0,0,0,0,0,0
0.57000000000000028,-2.2669330690166723e-16,-1.9589358626941193e-17,-1.6215930000000001,-1.2437448923244945e-16,6.4091007102174791e-16,-3.8449205580369693e-18,1,3.7264839231694497e-16,-1.752946350313141e-15,1.4879730670120464e-16,5.6160727722294117e-16,-1.0152533052357658e-15,-1.5449439901683454e-16,6.2351690164595237e-15,1.3104418325056919e-15,-5.5916999999999959,-6.8629182346311429e-16,4.454304775440009e-15,-2.6825713960178375e-17,9.5118951635360807e-16,-6.2967497627592986e-15,7.769698042904927e-16,2.3585473052498864e-15,-3.6781100164534566e-15,-8.7985375621519388e-16,3.3130577119918984e-14,5.7541902670852959e-15,-9.8099999999999987,-3.3447127490208341e-15,1.7937239682530602e-14,-9.729915370002013e-17,4.7449272006912552e-15,-2.7940140502430716e-14,2.0040129967725163e-15,1.4578061217124518e-14,-1.0770419591870331e-14,-7.7463165067647243e-15,0,0,0,0,0,0,0,0,0,0,0,0,0,0,-0,-0,0,0,-0,0,0,-0,0,0,0,-0,0,-0,0,0,0,0,0,-0,0,-0,0,0,0,0,0,0,0,0,0,0,0,0,0,0,-0,-0,0,-0,-0,0,-0,0,0,0,-0,0,-0,0,0,0,-0,0,0,-0,0,0,0,0,0,0,0,0,0,0,0,0,0,0,0,0
0.58000000000000029,-2.3488075879838759e-16,-2.0248345047375937e-17,-1.678491,-1.2804971481896114e-16,6.6342468860419364e-16,-3.9802400262817657e-18,1,3.830741405707469e-16,-1.8166212787448116e-15,1.5608981276112422e-16,5.8550114084385273e-16,-1.0524236450815449e-15,-1.6345288561278882e-16,6.6026587256476384e-15,1.3703445941682405e-15,-5.6897999999999955,-7.3504511730233529e-16,4.5029235164891386e-15,-2.7063893648959196e-17,1.0425748253801921e-15,-6.3674928431670398e-15,7.2925060599195823e-16,2.3893863620911589e-15,-3.7170339845779157e-15,-8.9584865959542854e-16,3.6748970918811487e-14,5.9902761662548551e-15,-9.8099999999999987,-4.8753293839221008e-15,4.8618741049129337e-15,-2.3817968878081953e-17,9.1385309026584033e-15,-7.0743080407741005e-15,-4.7719198298534427e-15,3.0839056841272548e-15,-3.8923968124458684e-15,-1.5994903380234706e-15,0,0,0,0,0,0,0,0,0,0,0,0,0,0,-0,-0,0,0,-0,0,0,-0,0,0,0,-0,0,-0,0,0,0,0,0,-0,0,-0,0,0,0,0,0,0,0,0,0,0,0,0,0,0,-0,-0,0,-0,-0,0,-0,0,0,0,-0,0,-0,0,0,0,-0,0,0,-0,0,0,0,0,0,0,0,0,0,0,0,0,0,0,0,0
0.5900000000000003,-2.4319405314966913e-16,-2.0908900767526049e-17,-1.73637,-1.3171445302517573e-16,6.8622461102253264e-16,-4.117871640315567e-18,1,3.9321329669436267e-16,-1.8811283670396805e-15,1.6438031697030565e-16,6.0978282046612529e-16,-1.09141226257241e-15,-1.7266240730147353e-16,6.9803057461813642e-15,1.4374334550500674e-15,-5.7878999999999952,-7.3294764124291932e-16,4.5599844836678068e-15,-2.75263228067601e-17,1.0139156123615769e-15,-6.4507088294868788e-15,8.2905042091814303e-16,2.4281679622272578e-15,-3.8988617490865126e-15,-9.2095216886847045e-16,3.7764702053372613e-14,6.7088860881826806e-15,-9.8099999999999987,2.0974760594160111e-16,5.7060967178668499e-15,-4.6242915780090596e-17,-2.86592130186152e-15,-8.3215986319838752e-15,9.9799814926184824e-15,3.8781600136098952e-15,-1.8182776450859674e-14,-2.510350927304191e-15,0,0,0,0,0,0,0,0,0,0,0,0,0,0,-0,-0,0,0,-0,0,0,-0,0,0,0,-0,0,-0,0,0,0,0,0,-0,0,-0,0,0,0,0,0,0,0,0,0,0,0,0,0,0,-0,-0,0,-0,-0,0,-0,0,0,0,-0,0,-0,0,0,0,-0,0,0,-0,0,0,0,0,0,0,0,0,0,0,0,0,0,0,0,0
0.60000000000000031,-2.5167507149337757e-16,-2.1578430627963226e-17,-1.7952299999999999,-1.3540732536138939e-16,7.0937402353174871e-16,-4.2577990450475864e-18,1,4.0347444270825989e-16,-1.946470702415054e-15,1.7260856544287528e-16,6.3416818149763058e-16,-1.1306088411056488e-15,-1.8185454513336964e-16,7.3663917286156492e-15,1.505325801539603e-15,-5.8859999999999948,-7.3857446724273241e-16,4.6298825018432127e-15,-2.7985480946403768e-17,1.0261146013897199e-15,-6.5342335375373615e-15,8.2282484725696215e-16,2.4385361031505317e-15,-3.9196578533238771e-15,-9.1921378318961068e-16,3.860859824342842e-14,6.7892346489535705e-15,-9.8099999999999987,-5.6268259998131349e-16,6.9898018175406044e-15,-4.5915813964366897e-17,1.219898902814291e-15,-8.3524708050482606e-15,-6.22557366118084e-16,1.036814092327404e-15,-2.079610423736432e-15,1.7383856788598315e-16,0,0,0,0,0,0,0,0,0,0,0,0,0,0,-0,-0,0,0,-0,0,0,-0,0,0,0,-0,0,-0,0,0,0,0,0,-0,0,-0,0,0,0,0,0,0,0,0,0,0,0,0,0,0,-0,-0,0,-0,-0,0,-0,0,0,0,-0,0,-0,0,0,0,-0,0,0,-0,0,0,0,0,0,0,0,0,0,0,0,0,0,0,0,0
0.61000000000000032,-2.6033791084642935e-16,-2.2235175586153505e-17,-1.8550709999999999,-1.3900763072924676e-16,7.3293056340971327e-16,-4.4007269111231201e-18,1,4.1340257485739155e-16,-2.0128889857209574e-15,1.8115123244557222e-16,6.5887266404550395e-16,-1.1704399470015456e-15,-1.9118275487964791e-16,7.7646109434112156e-15,1.5764520429229464e-15,-5.9840999999999944,-7.2006107357147497e-16,4.7113079755929165e-15,-2.8585573215106628e-17,9.9281321491316679e-16,-6.6418283305903342e-15,8.5426670026969436e-16,2.4704482547873409e-15,-3.9831105895896756e-15,-9.3282097462782692e-16,3.9821921479556605e-14,7.1126241383343502e-15,-9.8099999999999987,1.8513393671257462e-15,8.1425473749704022e-15,-6.0009226870285673e-17,-3.330138647655305e-15,-1.0759479305297234e-14,3.1441853012732223e-15,3.1912151636809113e-15,-6.3452736265798849e-15,-1.3607191438216271e-15,0,0,0,0,0,0,0,0,0,0,0,0,0,0,-0,-0,0,0,-0,0,0,-0,0,0,0,-0,0,-0,0,0,0,0,0,-0,0,-0,0,0,0,0,0,0,0,0,0,0,0,0,0,0,-0,-0,0,-0,-0,0,-0,0,0,0,-0,0,-0,0,0,0,-0,0,0,-0,0,0,0,0,0,0,0,0,0,0,0,0,0,0,0,0
0.62000000000000033,-2.688558936192359e-16,-2.2874171414457814e-17,-1.9158929999999998,-1.4248489084409626e-16,7.5598631352439264e-16,-4.5418958186532964e-18,1,4.2271214735420123e-16,-2.0777662801673274e-15,1.9065169449373667e-16,6.8285629731151312e-16,-1.2117161209052335e-15,-2.0026115197840052e-16,8.2040919516079533e-15,1.6481942318829543e-15,-6.0821999999999941,-6.954520229699006e-16,4.6111500229358681e-15,-2.8233781506035156e-17,9.3095724968096547e-16,-6.4877294446369918e-15,9.5004620481644668e-16,2.3983633266009198e-15,-4.1276173903687983e-15,-9.078397098752612e-16,4.3948100819673786e-14,7.1742188960007815e-15,-9.8099999999999987,2.4609050601574394e-15,-1.0015795265704861e-14,3.5179170907147141e-17,-6.1855965232201421e-15,1.5409888595334262e-14,9.5779504546752268e-15,-7.2084928186421179e-15,-1.4450680077912287e-14,2.4981264752565704e-15,0,0,0,0,0,0,0,0,0,0,0,0,0,0,-0,-0,0,0,-0,0,0,-0,0,0,0,-0,0,-0,0,0,0,0,0,-0,0,-0,0,0,0,0,0,0,0,0,0,0,0,0,0,0,-0,-0,0,-0,-0,0,-0,0,0,0,-0,0,-0,0,0,0,-0,0,0,-0,0,0,0,0,0,0,0,0,0,0,0,0,0,0,0,0
0.63000000000000034,-2.7727286580505676e-16,-2.3499085406566247e-17,-1.9776959999999999,-1.4586563601376659e-16,7.7866114151589839e-16,-4.6818867313437412e-18,1,4.3146299076331593e-16,-2.1414108944629495e-15,2.0119196219986213e-16,7.0614794727661522e-16,-1.254639998247117e-15,-2.0898390591032109e-16,8.642884447803415e-15,1.7196013619288047e-15,-6.1802999999999937,-6.7614903393406376e-16,4.5349655983011458e-15,-2.799818253808891e-17,8.7508434091147101e-16,-6.3644614295621915e-15,1.0540267706125454e-15,2.3291649965102123e-15,-4.2923877341883575e-15,-8.722753931920574e-16,4.3879249619546163e-14,7.1407130045850326e-15,-9.8099999999999987,1.9302989035836855e-15,-7.6184424634722292e-15,2.3559896794624781e-17,-5.5872908769494449e-15,1.2326801507479996e-14,1.0398056579609872e-14,-6.919833009070765e-15,-1.6477034381955959e-14,3.5564316683203816e-15,0,0,0,0,0,0,0,0,0,0,0,0,0,0,-0,-0,0,0,-0,0,0,-0,0,0,0,-0,0,-0,0,0,0,0,0,-0,0,-0,0,0,0,0,0,0,0,0,0,0,0,0,0,0,-0,-0,0,-0,-0,0,-0,0,0,0,-0,0,-0,0,0,0,-0,0,0,-0,0,0,0,0,0,0,0,0,0,0,0,0,0,0,0,0
0.64000000000000035,-2.8568601582786331e-16,-2.4181739942267551e-17,-2.0404799999999996,-1.4954412764515983e-16,8.0120840667202002e-16,-4.8210032939631677e-18,1,4.41290139628468e-16,-2.2044751606597015e-15,2.1123818717428516e-16,7.2885672032843856e-16,-1.2980331575050232e-15,-2.1725583699643549e-16,9.0777379690623625e-15,1.7864352065860715e-15,-6.2783999999999933,-7.3569832627864937e-16,4.5094530312243226e-15,-2.7823312523885318e-17,9.8271488651520523e-16,-6.3064266196751968e-15,1.004622497442303e-15,2.2708773051823373e-15,-4.3393159257906323e-15,-8.2719310861143951e-16,4.3485352125894801e-14,6.6833844657266704e-15,-9.8099999999999987,-5.9549292344585598e-15,-2.5512567076823631e-15,1.7487001420359162e-17,1.076305456037343e-14,5.8034809886994532e-15,-4.9404273170242409e-15,-5.8287691327875012e-15,-4.6928191602275065e-15,4.5082284580617883e-15,0,0,0,0,0,0,0,0,0,0,0,0,0,0,-0,-0,0,0,-0,0,0,-0,0,0,0,-0,0,-0,0,0,0,0,0,-0,0,-0,0,0,0,0,0,0,0,0,0,0,0,0,0,0,-0,-0,0,-0,-0,0,-0,0,0,0,-0,0,-0,0,0,0,-0,0,0,-0,0,0,0,0,0,0,0,0,0,0,0,0,0,0,0,0
0.65000000000000036,-2.9417170755051697e-16,-2.4892763984917897e-17,-2.1042449999999997,-1.5335484694460764e-16,8.2385533669191455e-16,-4.9607815132056698e-18,1,4.5158598815624909e-16,-2.2676677012192232e-15,2.2116318369573327e-16,7.5133880083206762e-16,-1.3420075610552258e-15,-2.2523447407701198e-16,9.5136497872947541e-15,1.8603329072066154e-15,-6.376499999999993,-7.6214385988956015e-16,4.5293860039788976e-15,-2.7955643848500418e-17,1.0295848527781097e-15,-6.3192540559521626e-15,9.9249965214481116e-16,2.2482080503629019e-15,-4.3974403550202704e-15,-7.9786370805764719e-16,4.3591181823239175e-14,7.389770062054373e-15,-9.8099999999999987,-2.6445533610910811e-15,1.9932972754574695e-15,-1.3233132461510029e-17,4.6869966262904562e-15,-1.2827436276965851e-15,-1.2122845297491805e-15,-2.2669254819435335e-15,-5.8124429229637833e-15,2.9329400553792282e-15,0,0,0,0,0,0,0,0,0,0,0,0,0,0,-0,-0,0,0,-0,0,0,-0,0,0,0,-0,0,-0,0,0,0,0,0,-0,0,-0,0,0,0,0,0,0,0,0,0,0,0,0,0,0,-0,-0,0,-0,-0,0,-0,0,0,0,-0,0,-0,0,0,0,-0,0,0,-0,0,0,0,0,0,0,0,0,0,0,0,0,0,0,0,0
0.66000000000000036,-3.0279026104915995e-16,-2.5620106272959828e-17,-2.1689909999999997,-1.5723288310731459e-16,8.4684239437794051e-16,-5.1021785855634377e-18,1,4.6211167265696776e-16,-2.3319246066705169e-15,2.3106549512800747e-16,7.7429881208242831e-16,-1.3863605465851971e-15,-2.332845340417212e-16,9.9552441797205733e-15,1.9381970881899803e-15,-6.4745999999999926,-7.7560723254139074e-16,4.5974115372051956e-15,-2.8279414471553458e-17,1.0525684500718683e-15,-6.4256905451293507e-15,9.9023114322742177e-16,2.2960011250360707e-15,-4.4352985529971212e-15,-8.0500599647092352e-16,4.4159439242581915e-14,7.786418098336471e-15,-9.8099999999999987,-1.3463372651830569e-15,6.8025533226297975e-15,-3.2377062305303786e-17,2.2983597293758601e-15,-1.0643648917718854e-14,-2.2685089173894483e-16,4.7793074673168644e-15,-3.7858197976850629e-15,-7.1422884132763198e-16,0,0,0,0,0,0,0,0,0,0,0,0,0,0,-0,-0,0,0,-0,0,0,-0,0,0,0,-0,0,-0,0,0,0,0,0,-0,0,-0,0,0,0,0,0,0,0,0,0,0,0,0,0,0,-0,-0,0,-0,-0,0,-0,0,0,0,-0,0,-0,0,0,0,-0,0,0,-0,0,0,0,0,0,0,0,0,0,0,0,0,0,0,0,0
0.67000000000000037,-3.1154235182939181e-16,-2.6374450243872855e-17,-2.2347179999999995,-1.6123426413343305e-16,8.7006697393670297e-16,-5.2449137561767928e-18,1,4.7300375237049469e-16,-2.396591990069969e-15,2.4103388928483777e-16,7.9693845773374301e-16,-1.4313054595659255e-15,-2.4084386028784157e-16,1.0409521127098457e-14,2.0177546215779569e-15,-6.5726999999999922,-8.0027620522368965e-16,4.6449159117524952e-15,-2.8547034122670921e-17,1.0892079713526878e-15,-6.4667383399452272e-15,9.9683941568302885e-16,2.2639645651314694e-15,-4.4944912980728522e-15,-7.559326246120356e-16,4.542769473778841e-14,7.9557533387976633e-15,-9.8099999999999987,-2.4668972682298876e-15,4.7504374547299299e-15,-2.6761965111746286e-17,3.6639521280819434e-15,-4.1047794815876627e-15,6.6082724556070442e-16,-3.2036559904601189e-15,-5.9192745075730896e-15,4.9073371858887933e-15,0,0,0,0,0,0,0,0,0,0,0,0,0,0,-0,-0,0,0,-0,0,0,-0,0,0,0,-0,0,-0,0,0,0,0,0,-0,0,-0,0,0,0,0,0,0,0,0,0,0,0,0,0,0,-0,-0,0,-0,-0,0,-0,0,0,0,-0,0,-0,0,0,0,-0,0,0,-0,0,0,0,0,0,0,0,0,0,0,0,0,0,0,0,0
0.68000000000000038,-3.2058392913376284e-16,-2.7174380025135663e-17,-2.3014259999999993,-1.6545945349235091e-16,8.9398140608237231e-16,-5.3912674927234596e-18,1,4.8470858603866111e-16,-2.4631122668994768e-15,2.505978388927337e-16,8.2010481343628794e-16,-1.4764849842733646e-15,-2.484839508831832e-16,1.0863456202994131e-14,2.0993154734117962e-15,-6.6707999999999918,-8.4503787178357143e-16,4.7828864291338833e-15,-2.9270747309333386e-17,1.1704833668166435e-15,-6.6520276829507766e-15,9.5639496078959281e-16,2.3166355702544981e-15,-4.5179524707439017e-15,-7.6400905953416534e-16,4.5393507589567386e-14,8.15608518338394e-15,-9.8099999999999987,-4.4761666559881809e-15,1.3797051738138774e-14,-7.2371318666246172e-17,8.1275395463955687e-15,-1.8528934300554967e-14,-4.0444454893436083e-15,5.267100512302882e-15,-2.3461172671049657e-15,-8.0764349221297602e-16,0,0,0,0,0,0,0,0,0,0,0,0,0,0,-0,-0,0,0,-0,0,0,-0,0,0,0,-0,0,-0,0,0,0,0,0,-0,0,-0,0,0,0,0,0,0,0,0,0,0,0,0,0,0,-0,-0,0,-0,-0,0,-0,0,0,0,-0,0,-0,0,0,0,-0,0,0,-0,0,0,0,0,0,0,0,0,0,0,0,0,0,0,0,0
0.69000000000000039,-3.2987498238705549e-16,-2.7997558082289235e-17,-2.3691149999999994,-1.6978671683018175e-16,9.1847221949475462e-16,-5.5409764243070134e-18,1,4.966776106232189e-16,-2.5311310135072673e-15,2.6040759712087376e-16,8.4357652085976513e-16,-1.5226083297218327e-15,-2.5600947031831015e-16,1.1339212020839733e-14,2.1869299965808313e-15,-6.7688999999999915,-8.6545266756616936e-16,4.8981626824764436e-15,-2.9941786316710754e-17,1.1969024584557799e-15,-6.8018746607790484e-15,9.8097582281400606e-16,2.3471707423477148e-15,-4.6123345448468108e-15,-7.5255194351269626e-16,4.7575581784560204e-14,8.761452316903515e-15,-9.8099999999999987,-2.0414795782597952e-15,1.1527625334256063e-14,-6.7103900737736885e-17,2.6419091639136286e-15,-1.498469778282717e-14,2.4580862024413284e-15,3.0535172093216779e-15,-9.4382074102908984e-15,1.1457116021469094e-15,0,0,0,0,0,0,0,0,0,0,0,0,0,0,-0,-0,0,0,-0,0,0,-0,0,0,0,-0,0,-0,0,0,0,0,0,-0,0,-0,0,0,0,0,0,0,0,0,0,0,0,0,0,0,-0,-0,0,-0,-0,0,-0,0,0,0,-0,0,-0,0,0,0,-0,0,0,-0,0,0,0,0,0,0,0,0,0,0,0,0,0,0,0,0
0.7000000000000004,-3.3923988008412993e-16,-2.8844333232782103e-17,-2.4377849999999994,-1.7421208219841983e-16,9.4312460123827219e-16,-5.6915895814257076e-18,1,5.0891213168714947e-16,-2.5996933707973574e-15,2.7041977215045401e-16,8.6735701843371125e-16,-1.569638147639566e-15,-2.6364993333831254e-16,1.1847095598266234e-14,2.2775622378801168e-15,-6.8669999999999911,-8.8507307364761507e-16,4.9304763487035003e-15,-3.0122631423738921e-17,1.2234521063930518e-15,-6.8562357290090112e-15,1.0012175029580276e-15,2.3780497573946087e-15,-4.7029817917733288e-15,-7.6404630200024058e-16,5.0788357742650112e-14,9.0632241299285653e-15,-9.8099999999999987,-1.9620406081445697e-15,3.2313666227056995e-15,-1.8084510702816941e-17,2.6549647937271887e-15,-5.4361068229963088e-15,2.0241680144021522e-15,3.0879015046893841e-15,-9.0647246926518043e-15,-1.1494358487544272e-15,0,0,0,0,0,0,0,0,0,0,0,0,0,0,-0,-0,0,0,-0,0,0,-0,0,0,0,-0,0,-0,0,0,0,0,0,-0,0,-0,0,0,0,0,0,0,0,0,0,0,0,0,0,0,-0,-0,0,-0,-0,0,-0,0,0,0,-0,0,-0,0,0,0,-0,0,0,-0,0,0,0,0,0,0,0,0,0,0,0,0,0,0,0,0
0.71000000000000041,-3.4858538489504043e-16,-2.9674533086630435e-17,-2.5074359999999993,-1.7852681554862155e-16,9.6766176557617701e-16,-5.8418361751720415e-18,1,5.207223142275747e-16,-2.6679064345927867e-15,2.8078839974485287e-16,8.9092911969173843e-16,-1.6170359095970602e-15,-2.7109719282904544e-16,1.2374267642408251e-14,2.3738417113130815e-15,-6.9650999999999907,-8.6294667004034428e-16,4.9074328675809624e-15,-3.0049318749266719e-17,1.1810182540425269e-15,-6.821306379542939e-15,1.0368627594398839e-15,2.357210125802725e-15,-4.7397761957494121e-15,-7.4472594907328981e-16,5.2717204414201585e-14,9.6279473432964835e-15,-9.8099999999999987,2.2126403607270804e-15,-2.3043481122537555e-15,7.331267447220061e-18,-4.2433852350524882e-15,3.4929349466071866e-15,3.5645256481856337e-15,-2.0839631591883519e-15,-3.6794403976083469e-15,1.9320352926950733e-15,0,0,0,0,0,0,0,0,0,0,0,0,0,0,-0,-0,0,0,-0,0,0,-0,0,0,0,-0,0,-0,0,0,0,0,0,-0,0,-0,0,0,0,0,0,0,0,0,0,0,0,0,0,0,-0,-0,0,-0,-0,0,-0,0,0,0,-0,0,-0,0,0,0,-0,0,0,-0,0,0,0,0,0,0,0,0,0,0,0,0,0,0,0,0
0.72000000000000042,-3.5797970527001546e-16,-3.0523793511661001e-17,-2.5780679999999991,-1.8291862598731851e-16,9.9224379596502068e-16,-5.9925089752124609e-18,1,5.3268906540234899e-16,-2.7361336555319071e-15,2.9151722390615764e-16,9.1427214078224076e-16,-1.6654948209295676e-15,-2.782286236457924e-16,1.290377292478027e-14,2.4680354001535914e-15,-7.0631999999999904,-8.7836208773939134e-16,4.9164060777687453e-15,-3.0134560008083742e-17,1.1966751174774311e-15,-6.8227220939120442e-15,1.0728824161304775e-15,2.3343021090502388e-15,-4.8458911332507374e-15,-7.1314308167469562e-16,5.2950528237201908e-14,9.4193688840510083e-15,-9.8099999999999987,-1.541541769904708e-15,8.9732101877828359e-16,-8.5241258817024052e-18,1.5656863434904317e-15,-1.4157143691051756e-16,3.6019656690593666e-15,-2.2908016752486109e-15,-1.061149375013252e-14,3.1582867398594188e-15,0,0,0,0,0,0,0,0,0,0,0,0,0,0,-0,-0,0,0,-0,0,0,-0,0,0,0,-0,0,-0,0,0,0,0,0,-0,0,-0,0,0,0,0,0,0,0,0,0,0,0,0,0,0,-0,-0,0,-0,-0,0,-0,0,0,0,-0,0,-0,0,0,0,-0,0,0,-0,0,0,0,0,0,0,0,0,0,0,0,0,0,0,0,0
0.73000000000000043,-3.6763350299601491e-16,-3.1326391145529331e-17,-2.6496809999999988,-1.8703979217290779e-16,1.0173877279797846e-15,-6.1472995031971984e-18,1,5.4360557386986424e-16,-2.8056916812862931e-15,3.031385560496627e-16,9.3765319889545469e-16,-1.7148389201606405e-15,-2.8502606090127313e-16,1.3426194459825968e-14,2.5691234565839917e-15,-7.16129999999999,-8.2423323711785684e-16,5.0287864029527806e-15,-3.0958105596947346e-17,1.0916508467515285e-15,-6.9558025754386085e-15,1.1621332143505066e-15,2.3381058113213941e-15,-4.934409923107292e-15,-6.7974372554807285e-16,5.2242153504569714e-14,1.0108805643040012e-14,-9.8099999999999987,5.4128850621534471e-15,1.1238032518403556e-14,-8.2354558886360354e-17,-1.0502427072590268e-14,-1.3308048152656458e-14,8.9250798220029071e-15,3.8037022711553943e-16,-8.8518789856554818e-15,3.3399356126622746e-15,0,0,0,0,0,0,0,0,0,0,0,0,0,0,-0,-0,0,0,-0,0,0,-0,0,0,0,-0,0,-0,0,0,0,0,0,-0,0,-0,0,0,0,0,0,0,0,0,0,0,0,0,0,0,-0,-0,0,-0,-0,0,-0,0,0,0,-0,0,-0,0,0,0,-0,0,0,-0,0,0,0,0,0,0,0,0,0,0,0,0,0,0,0,0
0.74000000000000044,-3.7750577328204516e-16,-3.2173788361260306e-17,-2.7222749999999989,-1.9137133266033472e-16,1.0430524144026544e-15,-6.3049060823401076e-18,1,5.5517941342230204e-16,-2.8767482923789832e-15,3.1479160129942952e-16,9.6161982336501957e-16,-1.7651641356941409e-15,-2.920240561892849e-16,1.3970332141008031e-14,2.6622979980413395e-15,-7.2593999999999896,-8.6630809748538588e-16,5.1329372845739842e-15,-3.1521315828581817e-17,1.1573839552437805e-15,-7.1056611092690267e-15,1.1653045249766803e-15,2.3966624469564978e-15,-5.0325215533500427e-15,-6.9979952880117837e-16,5.4413768118206359e-14,9.317454145734764e-15,-9.8099999999999987,-4.2074860367529049e-15,1.0415088162120373e-14,-5.6321023163447007e-17,6.5733108492251881e-15,-1.4985853383041762e-14,3.1713106261736899e-16,5.8556635635103651e-15,-9.8111630242750693e-15,-2.0055803253105545e-15,0,0,0,0,0,0,0,0,0,0,0,0,0,0,-0,-0,0,0,-0,0,0,-0,0,0,0,-0,0,-0,0,0,0,0,0,-0,0,-0,0,0,0,0,0,0,0,0,0,0,0,0,0,0,-0,-0,0,-0,-0,0,-0,0,0,0,-0,0,-0,0,0,0,-0,0,0,-0,0,0,0,0,0,0,0,0,0,0,0,0,0,0,0,0
0.75000000000000044,-3.872650020405813e-16,-3.299554535378813e-17,-2.7958499999999988,-1.9554801055569983e-16,1.0682917101455462e-15,-6.4611019947830556e-18,1,5.6604185053623302e-16,-2.9463597247655435e-15,3.273957696379426e-16,9.8464677257216906e-16,-1.8168224741196401e-15,-2.9842572364046275e-16,1.4558291520509748e-14,2.7645833684591872e-15,-7.3574999999999893,-8.3533557907302463e-16,5.047859148578341e-15,-3.1239182488589542e-17,1.0862437113931005e-15,-6.9611432386560299e-15,1.2604168338513058e-15,2.3026949207149473e-15,-5.1658338425499052e-15,-6.4016674511778453e-16,5.8795937950171694e-14,1.0228537041784756e-14,-9.8099999999999987,3.0972518412361218e-15,-8.5078135995643017e-15,2.8213333999227591e-17,-7.114024385068001e-15,1.4451787061299697e-14,9.5112308874625496e-15,-9.3967526241550651e-15,-1.3331228919986258e-14,5.9632783683393859e-15,0,0,0,0,0,0,0,0,0,0,0,0,0,0,-0,-0,0,0,-0,0,0,-0,0,0,0,-0,0,-0,0,0,0,0,0,-0,0,-0,0,0,0,0,0,0,0,0,0,0,0,0,0,0,-0,-0,0,-0,-0,0,-0,0,0,0,-0,0,-0,0,0,0,-0,0,0,-0,0,0,0,0,0,0,0,0,0,0,0,0,0,0,0,0
0.76000000000000045,-3.9716437938057678e-16,-3.3832518738109267e-17,-2.8704059999999987,-1.9978293046368685e-16,1.0937663395663169e-15,-6.6188307310745981e-18,1,5.7711387371639878e-16,-3.0163764888963329e-15,3.3993520298997747e-16,1.0074037225416229e-15,-1.86870480175655e-15,-3.0447575991128825e-16,1.5129502261432192e-14,2.863732025432021e-15,-7.4555999999999889,-8.4698398159740476e-16,5.0949258841541377e-15,-3.1545747258308424e-17,1.1072023180165794e-15,-7.001676413078953e-15,1.2539433352034859e-15,2.2756949969453882e-15,-5.1882327636909916e-15,-6.0500362708254931e-16,5.7121074092244279e-14,9.9148656972833604e-15,-9.8099999999999987,-1.1648402524380131e-15,4.7066735575796404e-15,-3.0656476971888421e-17,2.0958606623478784e-15,-4.0533174422922908e-15,-6.4734986478198032e-16,-2.6999923769559273e-15,-2.2398921141086446e-15,3.5163118035235188e-15,0,0,0,0,0,0,0,0,0,0,0,0,0,0,-0,-0,0,0,-0,0,0,-0,0,0,0,-0,0,-0,0,0,0,0,0,-0,0,-0,0,0,0,0,0,0,0,0,0,0,0,0,0,0,-0,-0,0,-0,-0,0,-0,0,0,0,-0,0,-0,0,0,0,-0,0,0,-0,0,0,0,0,0,0,0,0,0,0,0,0,0,0,0,0
0.77000000000000046,-4.0700490905718526e-16,-3.4644918792751524e-17,-2.9459429999999984,-2.0386957365534202e-16,1.1189747447697706e-15,-6.7756948788604442e-18,1,5.8758208104900701e-16,-3.0854429675410773e-15,3.530699715360661e-16,1.029460236103086e-15,-1.9212483785995894e-15,-3.100174216334062e-16,1.5730329361088628e-14,2.9678299148996778e-15,-7.5536999999999885,-8.1732863833103268e-16,5.0416810406907323e-15,-3.1372829557169123e-17,1.0468207332608196e-15,-6.9066478644744442e-15,1.313476854608863e-15,2.2056513561463068e-15,-5.254357684303936e-15,-5.5416617221179518e-16,6.0082709965643756e-14,1.0409788946765696e-14,-9.8099999999999987,2.9655343266372093e-15,-5.324484346340539e-15,1.7291770113929826e-17,-6.0381584755759763e-15,9.502854860450898e-15,5.953351940537705e-15,-7.0043640799081357e-15,-6.6124920612944773e-15,5.083745487075418e-15,0,0,0,0,0,0,0,0,0,0,0,0,0,0,-0,-0,0,0,-0,0,0,-0,0,0,0,-0,0,-0,0,0,0,0,0,-0,0,-0,0,0,0,0,0,0,0,0,0,0,0,0,0,0,-0,-0,0,-0,-0,0,-0,0,0,0,-0,0,-0,0,0,0,-0,0,0,-0,0,0,0,0,0,0,0,0,0,0,0,0,0,0,0,0
0.78000000000000047,-4.168928788683163e-16,-3.5482963571406034e-17,-3.0224609999999985,-2.0806756394320117e-16,1.1442311542573131e-15,-6.9330403758446383e-18,1,5.9834702304204979e-16,-3.1545843779687976e-15,3.6647432570443655e-16,1.0514199207405428e-15,-1.9749170770383822e-15,-3.1540242335688854e-16,1.6328801917062307e-14,3.068256111611077e-15,-7.6517999999999882,-8.3959805757183292e-16,5.0512818975085059e-15,-3.1469099396838701e-17,1.0764941993042735e-15,-6.9141410427720333e-15,1.3404354168370438e-15,2.1959684637456819e-15,-5.3668698438792917e-15,-5.3850017234823395e-16,5.9847255597367685e-14,1.0042619671139911e-14,-9.8099999999999987,-2.2269419240800228e-15,9.60085681777388e-16,-9.6269839669577904e-18,2.9673466043453841e-15,-7.493178297588968e-16,2.6958562228180781e-15,-9.6828924006247496e-16,-1.125121595753557e-14,1.5665999863561222e-15,0,0,0,0,0,0,0,0,0,0,0,0,0,0,-0,-0,0,0,-0,0,0,-0,0,0,0,-0,0,-0,0,0,0,0,0,-0,0,-0,0,0,0,0,0,0,0,0,0,0,0,0,0,0,-0,-0,0,-0,-0,0,-0,0,0,0,-0,0,-0,0,0,0,-0,0,0,-0,0,0,0,0,0,0,0,0,0,0,0,0,0,0,0,0
0.79000000000000048,-4.2682147503346016e-16,-3.6274550465699311e-17,-3.0999599999999985,-2.1201052146736219e-16,1.1695031944691187e-15,-7.0912568690516007e-18,1,6.080668288643667e-16,-3.223651885156704e-15,3.8086802297402053e-16,1.073132213194493e-15,-2.0294656248339166e-15,-3.2051490402033071e-16,1.6938350212680556e-14,3.1764044646939915e-15,-7.7498999999999878,-7.8859150483220168e-16,5.054408042361095e-15,-3.1643298641392323e-17,9.7198058223168983e-16,-6.9067507187906387e-15,1.4393697269583993e-15,2.1712292453950155e-15,-5.4548547795534399e-15,-5.1124806634421743e-16,6.0954829561824947e-14,1.081483530829144e-14,-9.8099999999999987,5.1006552739631216e-15,3.1261448525889769e-16,-1.741992445536212e-17,-1.0451361707258371e-14,7.3903239813949252e-16,9.8934310121355413e-15,-2.4739218350666448e-15,-8.7984935674148295e-15,2.7252106004016523e-15,0,0,0,0,0,0,0,0,0,0,0,0,0,0,-0,-0,0,0,-0,0,0,-0,0,0,0,-0,0,-0,0,0,0,0,0,-0,0,-0,0,0,0,0,0,0,0,0,0,0,0,0,0,0,-0,-0,0,-0,-0,0,-0,0,0,0,-0,0,-0,0,0,0,-0,0,0,-0,0,0,0,0,0,0,0,0,0,0,0,0,0,0,0,0
0.80000000000000049,-4.3677749902449897e-16,-3.709395414128281e-17,-3.1784399999999984,-2.1607359613245637e-16,1.1947405194738683e-15,-7.2494961210729052e-18,1,6.1819979865304387e-16,-3.2924720505933939e-15,3.9518472922416613e-16,1.0945300936723089e-15,-2.0845474196904222e-15,-3.2541384999967188e-16,1.7558982267920649e-14,3.2776637873650206e-15,-7.8479999999999874,-8.1261493301883599e-16,5.0474650009499361e-15,-3.1647850404260793e-17,1.0132969788677184e-15,-6.8820165436689759e-15,1.4316706250145617e-15,2.1397880477815882e-15,-5.5081794856505621e-15,-4.8989459793411866e-16,6.2063205524009363e-14,1.0125932267102928e-14,-9.8099999999999987,-2.4023428186634288e-15,-6.9430414111585766e-16,-4.5517628684717869e-19,4.1316396636028661e-15,2.4734175121662715e-15,-7.6991019438375674e-16,-3.1441197613427442e-15,-5.3324706097122168e-15,2.1353468410098745e-15,0,0,0,0,0,0,0,0,0,0,0,0,0,0,-0,-0,0,0,-0,0,0,-0,0,0,0,-0,0,-0,0,0,0,0,0,-0,0,-0,0,0,0,0,0,0,0,0,0,0,0,0,0,0,-0,-0,0,-0,-0,0,-0,0,0,0,-0,0,-0,0,0,0,-0,0,0,-0,0,0,0,0,0,0,0,0,0,0,0,0,0,0,0,0
0.8100000000000005,-4.4697445979079027e-16,-3.7892170873214099e-17,-3.2579009999999982,-2.2000915309397854e-16,1.2205154939839286e-15,-7.4112338753099443e-18,1,6.2772363364999808e-16,-3.3626753796043414e-15,4.1034210845827243e-16,1.1161458461342275e-15,-2.1407436789348294e-15,-3.3007771021048539e-16,1.817216973190784e-14,3.3853354604350402e-15,-7.9460999999999871,-7.8711139230443471e-16,5.154994902012051e-15,-3.2347550847407507e-17,9.5238349969542422e-16,-7.0203329010947351e-15,1.5157379234106291e-15,2.1615752461918631e-15,-5.6196259244407309e-15,-4.6638602108135012e-16,6.1318746398719189e-14,1.0767167307001972e-14,-9.8099999999999987,2.5503540714401297e-15,1.075299010621149e-14,-6.9970044314671244e-17,-6.0913479172294213e-15,-1.3831635742575937e-14,8.4067298396067316e-15,2.1787198410275056e-15,-1.1144643879016864e-14,2.3508576852768544e-15,0,0,0,0,0,0,0,0,0,0,0,0,0,0,-0,-0,0,0,-0,0,0,-0,0,0,0,-0,0,-0,0,0,0,0,0,-0,0,-0,0,0,0,0,0,0,0,0,0,0,0,0,0,0,-0,-0,0,-0,-0,0,-0,0,0,0,-0,0,-0,0,0,0,-0,0,0,-0,0,0,0,0,0,0,0,0,0,0,0,0,0,0,0,0
0.82000000000000051,-4.5752752537887985e-16,-3.8721011805097895e-17,-3.3383429999999978,-2.2407768619139134e-16,1.2471183049361744e-15,-7.5774776601840117e-18,1,6.3763336788338034e-16,-3.4350209797939876e-15,4.2567701253914544e-16,1.1380970658158524e-15,-2.1979691016556812e-15,-3.3433270739650052e-16,1.8794833246464095e-14,3.4894392593909867e-15,-8.0441999999999876,-8.1370661948255653e-16,5.3205621904491421e-15,-3.3248756974813276e-17,9.9097342333822189e-16,-7.2345600189646301e-15,1.5334904080873039e-15,2.1951219681624926e-15,-5.7225422720852012e-15,-4.2549971860151396e-16,6.2266351455625589e-14,1.0410379895594651e-14,-9.8099999999999987,-2.6595227178121785e-15,1.6556728843709129e-14,-9.0120612740576937e-17,3.858992364279757e-15,-2.1422711786989493e-14,1.7752484676674756e-15,3.3546721970629542e-15,-1.0291634764447063e-14,4.088630247983615e-15,0,0,0,0,0,0,0,0,0,0,0,0,0,0,-0,-0,0,0,-0,0,0,-0,0,0,0,-0,0,-0,0,0,0,0,0,-0,0,-0,0,0,0,0,0,0,0,0,0,0,0,0,0,0,-0,-0,0,-0,-0,0,-0,0,0,0,-0,0,-0,0,0,0,-0,0,0,-0,0,0,0,0,0,0,0,0,0,0,0,0,0,0,0,0
0.83000000000000052,-4.6840088684863609e-16,-3.957933792264446e-17,-3.4197659999999979,-2.2827402181419275e-16,1.2744639385149864e-15,-7.7477088422388055e-18,1,6.479492155601403e-16,-3.5093386561199602e-15,4.410408734758631e-16,1.1604727329592642e-15,-2.2558984020075726e-15,-3.3837155081871128e-16,1.9444142953876731e-14,3.5973507003392053e-15,-8.1422999999999881,-8.3926712456028583e-16,5.4691267157624037e-15,-3.4046236410958587e-17,1.0315847676759986e-15,-7.4317676325972568e-15,1.5363860936717665e-15,2.23756671434118e-15,-5.7929300351891523e-15,-4.0388434222107873e-16,6.4930970741263521e-14,1.0791144094821863e-14,-9.8099999999999987,-2.5560505077729262e-15,1.4856452531326181e-14,-7.9747943614531027e-17,4.0611344337776669e-15,-1.9720761363262595e-14,2.8956855844626583e-16,4.2444746178687432e-15,-7.0387763103951462e-15,2.1615376380435209e-15,0,0,0,0,0,0,0,0,0,0,0,0,0,0,-0,-0,0,0,-0,0,0,-0,0,0,0,-0,0,-0,0,0,0,0,0,-0,0,-0,0,0,0,0,0,0,0,0,0,0,0,0,0,0,-0,-0,0,-0,-0,0,-0,0,0,0,-0,0,-0,0,0,0,-0,0,0,-0,0,0,0,0,0,0,0,0,0,0,0,0,0,0,0,0
0.84000000000000052,-4.7940557901914094e-16,-4.0475557251005508e-17,-3.5021699999999978,-2.3263771623955019e-16,1.3020463874772232e-15,-7.9187967939484666e-18,1,6.5890684741668965e-16,-3.5841134915244886e-15,4.559992071405403e-16,1.182540706977169e-15,-2.3138970805790501e-15,-3.4177388491871426e-16,2.0131006473255691e-14,3.7084751534219539e-15,-8.2403999999999886,-8.7273888507148614e-16,5.5164897924473477e-15,-3.4217590341932222e-17,1.0957631856549377e-15,-7.4774835404528301e-15,1.4958333664677172e-15,2.206797401790476e-15,-5.7998678571477485e-15,-3.4023341000029798e-16,6.8686351937895842e-14,1.1112445308274876e-14,-9.8099999999999987,-3.3471760511200287e-15,4.7363076684943969e-15,-1.7135393097363266e-17,6.4178417978938935e-15,-4.5715907855572944e-15,-4.0552727204049243e-15,-3.0769312550704033e-15,-6.9378219585964333e-16,6.365093222078077e-15,0,0,0,0,0,0,0,0,0,0,0,0,0,0,-0,-0,0,0,-0,0,0,-0,0,0,0,-0,0,-0,0,0,0,0,0,-0,0,-0,0,0,0,0,0,0,0,0,0,0,0,0,0,0,-0,-0,0,-0,-0,0,-0,0,0,0,-0,0,-0,0,0,0,-0,0,0,-0,0,0,0,0,0,0,0,0,0,0,0,0,0,0,0,0
0.85000000000000053,-4.9072227548909238e-16,-4.1471982895617158e-17,-3.5855549999999976,-2.3747263090937539e-16,1.3303745996900151e-15,-8.0934379767976921e-18,1,6.7160627515775173e-16,-3.6611115306624899e-15,4.6994522892542072e-16,1.2057097702794684e-15,-2.3719863398705747e-15,-3.4589157820023761e-16,2.081877275449885e-14,3.8203725652401471e-15,-8.3384999999999891,-9.6698293396504393e-16,5.6656424425583886e-15,-3.4928236569845095e-17,1.2699427741062097e-15,-7.6998039138001168e-15,1.3946021784880438e-15,2.3169063302299493e-15,-5.8089259291524623e-15,-4.1176932815233601e-16,6.8776628124315769e-14,1.118974118181932e-14,-9.8099999999999987,-9.4244048893557734e-15,1.4915265011104109e-14,-7.1064622791287403e-17,1.7417958845127212e-14,-2.2232037334728657e-14,-1.0123118797967335e-14,1.1010892843947315e-14,-9.0580720047136365e-16,-7.1535918152038046e-15,0,0,0,0,0,0,0,0,0,0,0,0,0,0,-0,-0,0,0,-0,0,0,-0,0,0,0,-0,0,-0,0,0,0,0,0,-0,0,-0,0,0,0,0,0,0,0,0,0,0,0,0,0,0,-0,-0,0,-0,-0,0,-0,0,0,0,-0,0,-0,0,0,0,-0,0,0,-0,0,0,0,0,0,0,0,0,0,0,0,0,0,0,0,0
0.86000000000000054,-5.022696902420196e-16,-4.2510951490524147e-17,-3.6699209999999973,-2.4249390944892229e-16,1.3591491207219749e-15,-8.270875859266041e-18,1,6.8490419750088607e-16,-3.7391017750891524e-15,4.8388341298032869e-16,1.2288404701095657e-15,-2.4309394464975531e-15,-3.4979940602869034e-16,2.1535694344335038e-14,3.9453888548961112e-15,-8.4365999999999897,-1.0042557079093786e-15,5.7549042063919756e-15,-3.5487576493670034e-17,1.3297922343134339e-15,-7.7990244426662483e-15,1.393818405490801e-15,2.3130699830097169e-15,-5.8953106626978521e-15,-3.9078278284527215e-16,7.1692158983618645e-14,1.2501628965596366e-14,-9.8099999999999987,-3.7272773944334801e-15,8.9261763833586669e-15,-5.5933992382494213e-17,5.9849460207224162e-15,-9.9220528866130792e-15,-7.8377299724271811e-17,-3.8363472202325676e-16,-8.6384733545389435e-15,2.0986545307063854e-15,0,0,0,0,0,0,0,0,0,0,0,0,0,0,-0,-0,0,0,-0,0,0,-0,0,0,0,-0,0,-0,0,0,0,0,0,-0,0,-0,0,0,0,0,0,0,0,0,0,0,0,0,0,0,-0,-0,0,-0,-0,0,-0,0,0,0,-0,0,-0,0,0,0,-0,0,0,-0,0,0,0,0,0,0,0,0,0,0,0,0,0,0,0,0
0.87000000000000055,-5.1406887627909959e-16,-4.3523869044566267e-17,-3.7552679999999974,-2.4736210757969443e-16,1.3884991525264169e-15,-8.4523031437223351e-18,1,6.9751800994804661e-16,-3.8187631495425474e-15,4.986672347649003e-16,1.2527027547563003e-15,-2.4909909620345615e-15,-3.5410340311016799e-16,2.2270435113985021e-14,4.0794823931299194e-15,-8.5346999999999902,-9.736396261544327e-16,5.8700063608883788e-15,-3.6285456891258557e-17,1.2613812447160509e-15,-7.9661374453394675e-15,1.4783821784571655e-15,2.3862284646734688e-15,-6.0051515537008454e-15,-4.3039970814776569e-16,7.3474076964998336e-14,1.3409353823380821e-14,-9.8099999999999987,3.061608175494602e-15,1.1510215449640346e-14,-7.9788039758852549e-17,-6.8410989597383081e-15,-1.6711300267321842e-14,8.456377296636447e-15,7.315848166375186e-15,-1.0984089100299314e-14,-3.961692530249356e-15,0,0,0,0,0,0,0,0,0,0,0,0,0,0,-0,-0,0,0,-0,0,0,-0,0,0,0,-0,0,-0,0,0,0,0,0,-0,0,-0,0,0,0,0,0,0,0,0,0,0,0,0,0,0,-0,-0,0,-0,-0,0,-0,0,0,0,-0,0,-0,0,0,0,-0,0,0,-0,0,0,0,0,0,0,0,0,0,0,0,0,0,0,0,0
0.88000000000000056,-5.2597433195380045e-16,-4.4567883376909993e-17,-3.8415959999999973,-2.523591111127128e-16,1.4180240696615224e-15,-8.6346016219891811e-18,1,7.1055475642185829e-16,-3.8987850530805173e-15,5.1341842930104878e-16,1.2764128813558701e-15,-2.5516130619888512e-15,-3.5805657748060193e-16,2.3037608105033927e-14,4.2095919034934369e-15,-8.6327999999999907,-9.9940070660367287e-16,5.9049834270211209e-15,-3.6459695653369069e-17,1.3036746473811643e-15,-8.0021903537969807e-15,1.4751194536148473e-15,2.3710126599569741e-15,-6.0622099954289805e-15,-3.9531743704339405e-16,7.6717299104890708e-14,1.3010951036351765e-14,-9.8099999999999987,-2.5761080449240216e-15,3.4977066132742189e-15,-1.7423876211051037e-17,4.2293402665113488e-15,-3.6052908457512951e-15,-3.2627248423181319e-16,-1.5215804716494617e-15,-5.7058441728135376e-15,3.5082271104371646e-15,0,0,0,0,0,0,0,0,0,0,0,0,0,0,-0,-0,0,0,-0,0,0,-0,0,0,0,-0,0,-0,0,0,0,0,0,-0,0,-0,0,0,0,0,0,0,0,0,0,0,0,0,0,0,-0,-0,0,-0,-0,0,-0,0,0,0,-0,0,-0,0,0,0,-0,0,0,-0,0,0,0,0,0,0,0,0,0,0,0,0,0,0,0,0
0.89000000000000057,-5.3821427406214648e-16,-4.5641663329264669e-17,-3.9289049999999972,-2.5747635390713632e-16,1.4483634836431309e-15,-8.82135321706849e-18,1,7.2395203515255228e-16,-3.9812455022835407e-15,5.2827710971477364e-16,1.3012238052965367e-15,-2.6130402882086013e-15,-3.6247392987448502e-16,2.3802148878312962e-14,4.3439444663063293e-15,-8.7308999999999912,-1.0234485588847078e-15,6.0678827963216929e-15,-3.7350319015861647e-17,1.3397278730693956e-15,-8.2460449203023105e-15,1.4858680413724878e-15,2.4810923940666543e-15,-6.142722621975023e-15,-4.4173523938831067e-16,7.6454077327903562e-14,1.3435256281289251e-14,-9.8099999999999987,-2.4047852281034922e-15,1.6289936930057227e-14,-8.9062336249257642e-17,3.605322568823139e-15,-2.438545665053298e-14,1.074858775764047e-15,1.1007973410968032e-14,-8.0512626546042665e-15,-4.641780234491663e-15,0,0,0,0,0,0,0,0,0,0,0,0,0,0,-0,-0,0,0,-0,0,0,-0,0,0,0,-0,0,-0,0,0,0,0,0,-0,0,-0,0,0,0,0,0,0,0,0,0,0,0,0,0,0,-0,-0,0,-0,-0,0,-0,0,0,0,-0,0,-0,0,0,0,-0,0,0,-0,0,0,0,0,0,0,0,0,0,0,0,0,0,0,0,0
0.90000000000000058,-5.5054351652105875e-16,-4.6740063701252529e-17,-4.0171949999999974,-2.6268622833231952e-16,1.4788409749643719e-15,-9.0090218805574198e-18,1,7.3758009406505776e-16,-4.0640133764404227e-15,5.4341551358412738e-16,1.3259654205590004e-15,-2.6755019936571894e-15,-3.6666786319105329e-16,2.4611363919154388e-14,4.4826754013933663e-15,-8.8289999999999917,-1.0419748850366431e-15,6.0954982642481896e-15,-3.7533732697785865e-17,1.3628058912505454e-15,-8.2767874156881887e-15,1.5138403869353735e-15,2.474161526246377e-15,-6.2461705448588004e-15,-4.1939333165682907e-16,8.0921504084142559e-14,1.3873093508703681e-14,-9.8099999999999987,-1.8526326151935271e-15,2.7615467926496626e-15,-1.8341368192421843e-17,2.307801818114982e-15,-3.0742495385877918e-15,2.7972345562885746e-15,-6.9308678202774603e-16,-1.0344792288377755e-14,2.2341907731481612e-15,0,0,0,0,0,0,0,0,0,0,0,0,0,0,-0,-0,0,0,-0,0,0,-0,0,0,0,-0,0,-0,0,0,0,0,0,-0,0,-0,0,0,0,0,0,0,0,0,0,0,0,0,0,0,-0,-0,0,-0,-0,0,-0,0,0,0,-0,0,-0,0,0,0,-0,0,0,-0,0,0,0,0,0,0,0,0,0,0,0,0,0,0,0,0
0.91000000000000059,-5.6315917951100762e-16,-4.7817117456195221e-17,-4.1064659999999975,-2.6776841809426006e-16,1.5099577210590385e-15,-9.2009730356636049e-18,1,7.5067251208321261e-16,-4.1485469989474533e-15,5.5920253259033318e-16,1.351288777400045e-15,-2.7389981440424653e-15,-3.7100983817601767e-16,2.5419738540275676e-14,4.6277162986204456e-15,-8.9270999999999923,-1.016437952388107e-15,6.2233492189332989e-15,-3.8390231021236964e-17,1.3092418018154837e-15,-8.4533622507030756e-15,1.5787019006205792e-15,2.5323356841044516e-15,-6.3496150385275873e-15,-4.3419749849643761e-16,8.0837462112128666e-14,1.4504089722707955e-14,-9.8099999999999987,2.5536932648536127e-15,1.2785095468510942e-14,-8.5649832345109961e-17,-5.3564089435061578e-15,-1.7657483501488671e-14,6.4861513685205723e-15,5.8174157858074699e-15,-1.0344449366878694e-14,-1.4804166839608528e-15,0,0,0,0,0,0,0,0,0,0,0,0,0,0,-0,-0,0,0,-0,0,0,-0,0,0,0,-0,0,-0,0,0,0,0,0,-0,0,-0,0,0,0,0,0,0,0,0,0,0,0,0,0,0,-0,-0,0,-0,-0,0,-0,0,0,0,-0,0,-0,0,0,0,-0,0,0,-0,0,0,0,0,0,0,0,0,0,0,0,0,0,0,0,0
0.9200000000000006,-5.7616519395410004e-16,-4.8820477727039627e-17,-4.1967179999999971,-2.7247270510738795e-16,1.5419927388442879e-15,-9.3990253126079652e-18,1,7.6206784956258439e-16,-4.2356691434254177e-15,5.7692129096563673e-16,1.377482728169622e-15,-2.8043712388415838e-15,-3.7546514578570009e-16,2.6243861846410236e-14,4.7754481580350692e-15,-9.0251999999999928,-9.4085740262557417e-16,6.4070035570498822e-15,-3.9610455388871679e-17,1.1395337479371738e-15,-8.7122144477964311e-15,1.7718758375303546e-15,2.6193950769577039e-15,-6.5373094799118399e-15,-4.4553076096824376e-16,8.241233061345595e-14,1.4773185941462366e-14,-9.8099999999999987,7.5580549762532812e-15,1.8365433811658301e-14,-1.2202243676347133e-16,-1.6970805387830987e-14,-2.5885219709335528e-14,1.9317393690977554e-14,8.7059392853252282e-15,-1.8769444138425239e-14,-1.1333262471806146e-15,0,0,0,0,0,0,0,0,0,0,0,0,0,0,-0,-0,0,0,-0,0,0,-0,0,0,0,-0,0,-0,0,0,0,0,0,-0,0,-0,0,0,0,0,0,0,0,0,0,0,0,0,0,0,-0,-0,0,-0,-0,0,-0,0,0,0,-0,0,-0,0,0,0,-0,0,0,-0,0,0,0,0,0,0,0,0,0,0,0,0,0,0,0,0
0.9300000000000006,-5.8930420111701113e-16,-4.9794199272685141e-17,-4.287950999999997,-2.7701179638792963e-16,1.5742530755415374e-15,-9.5987975676258921e-18,1,7.7275948936855456e-16,-4.3232352602720873e-15,5.9541154151422607e-16,1.4034180246125545e-15,-2.8706562013776468e-15,-3.7937419343610473e-16,2.7116544722095069e-14,4.9157397979276763e-15,-9.1232999999999933,-9.0781825610833098e-16,6.4520673394498906e-15,-3.9954451003584931e-17,1.0691639805970143e-15,-8.7566116846669782e-15,1.8490250548589309e-15,2.5935296442932562e-15,-6.6284962536062849e-15,-3.909047650404644e-16,8.7268287568483413e-14,1.4029163989260688e-14,-9.8099999999999987,3.3039146517243261e-15,4.5063782400008188e-15,-3.4399561471325158e-17,-7.0369767340159402e-15,-4.4397236870547788e-15,7.7149217328576313e-15,-2.5865432664447544e-15,-9.1186773694444918e-15,5.4625995927779359e-15,0,0,0,0,0,0,0,0,0,0,0,0,0,0,-0,-0,0,0,-0,0,0,-0,0,0,0,-0,0,-0,0,0,0,0,0,-0,0,-0,0,0,0,0,0,0,0,0,0,0,0,0,0,0,-0,-0,0,-0,-0,0,-0,0,0,0,-0,0,-0,0,0,0,-0,0,0,-0,0,0,0,0,0,0,0,0,0,0,0,0,0,0,0,0
0.94000000000000061,-6.0261508539276617e-16,-5.0711635649613659e-17,-4.3801649999999972,-2.8126299989648139e-16,1.6068588270797662e-15,-9.8016393463330036e-18,1,7.8211019243440451e-16,-4.4117591433784963e-15,6.1558070014711527e-16,1.4296900704731802e-15,-2.9388021115532734e-15,-3.8341082275996063e-16,2.8003216871256568e-14,5.0563315687642127e-15,-9.2213999999999938,-8.5024070171035029e-16,6.5211503076457722e-15,-4.0568355741421774e-17,9.3507030658499863e-16,-8.8523883106408649e-15,2.0169158632889185e-15,2.6272045860625733e-15,-6.8145910175626738e-15,-4.0366293238558993e-16,8.8667214916149821e-14,1.4059177083653629e-14,-9.8099999999999987,5.7577554397980721e-15,6.9082968195882001e-15,-6.139047378368431e-17,-1.3409367401201566e-14,-9.5776625973887204e-15,1.6789080842998781e-14,3.3674941769317037e-15,-1.8609476395638888e-14,-1.2758167345125541e-15,0,0,0,0,0,0,0,0,0,0,0,0,0,0,-0,-0,0,0,-0,0,0,-0,0,0,0,-0,0,-0,0,0,0,0,0,-0,0,-0,0,0,0,0,0,0,0,0,0,0,0,0,0,0,-0,-0,0,-0,-0,0,-0,0,0,0,-0,0,-0,0,0,0,-0,0,0,-0,0,0,0,0,0,0,0,0,0,0,0,0,0,0,0,0
0.95000000000000062,-6.1621237270670303e-16,-5.1712366141182874e-17,-4.4733599999999969,-2.8588381021637289e-16,1.6400460116103978e-15,-1.000724291557117e-17,1,7.9296450505783637e-16,-4.5017323600915838e-15,6.344819475419923e-16,1.4562309002555996e-15,-3.0063294793293221e-15,-3.8745786380017804e-16,2.8899800912779278e-14,5.1854516476898212e-15,-9.3194999999999943,-9.2416206397829855e-16,6.6374369061263441e-15,-4.1120713847632998e-17,1.0854312623431906e-15,-8.9973216713087586e-15,1.8901247394877038e-15,2.6540829782419396e-15,-6.7527367776048494e-15,-4.0470410402174128e-16,8.9658404152270908e-14,1.2912007892560815e-14,-9.8099999999999987,-7.392136226794818e-15,1.1628659848057196e-14,-5.523581062112214e-17,1.5036095575819193e-14,-1.4493336066789441e-14,-1.2679112380121459e-14,2.6878392179366184e-15,6.1854239957824288e-15,-1.0411716361513634e-16,0,0,0,0,0,0,0,0,0,0,0,0,0,0,-0,-0,0,0,-0,0,0,-0,0,0,0,-0,0,-0,0,0,0,0,0,-0,0,-0,0,0,0,0,0,0,0,0,0,0,0,0,0,0,-0,-0,0,-0,-0,0,-0,0,0,0,-0,0,-0,0,0,0,-0,0,0,-0,0,0,0,0,0,0,0,0,0,0,0,0,0,0,0,0
0.96000000000000063,-6.3005974341121035e-16,-5.2737151344450763e-17,-4.5675359999999969,-2.9059599924045268e-16,1.6737133280515159e-15,-1.0215843368882525e-17,1,8.0401449225386702e-16,-4.5928132865388459e-15,6.5370958775259583e-16,1.4827872691019202e-15,-3.0747473565335624e-15,-3.9128329519113618e-16,2.9822922886749289e-14,5.3265777332138086e-15,-9.4175999999999949,-9.4243780481596091e-16,6.7334632882236104e-15,-4.1720090662270534e-17,1.1049987196030657e-15,-9.108092644726242e-15,1.922764021060348e-15,2.6556368846320462e-15,-6.8417877204240158e-15,-3.8254313909581609e-16,9.2312197397001295e-14,1.4112608552398748e-14,-9.8099999999999987,-1.8275740837662396e-15,9.6026382097266547e-15,-5.9937681463753724e-17,1.956745725987521e-15,-1.1077097341748347e-14,3.2639281572644076e-15,1.5539063901063178e-16,-8.9050942819166304e-15,2.2160964925925197e-15,0,0,0,0,0,0,0,0,0,0,0,0,0,0,-0,-0,0,0,-0,0,0,-0,0,0,0,-0,0,-0,0,0,0,0,0,-0,0,-0,0,0,0,0,0,0,0,0,0,0,0,0,0,0,-0,-0,0,-0,-0,0,-0,0,0,0,-0,0,-0,0,0,0,-0,0,0,-0,0,0,0,0,0,0,0,0,0,0,0,0,0,0,0,0
0.97000000000000064,-6.4413708152236151e-16,-5.3830371545131395e-17,-4.6626929999999973,-2.9560557535487474e-16,1.7078595720415775e-15,-1.0426743816795535e-17,1,8.1609810129406087e-16,-4.685188726618947e-15,6.7254985505732788e-16,1.5097093790331144e-15,-3.1436664632027949e-15,-3.9513457371381967e-16,3.0770299434300714e-14,5.4687963033086908e-15,-9.5156999999999954,-1.0019152228844135e-15,6.8292487980123171e-15,-4.2180089582601817e-17,1.2083609040193863e-15,-9.2375440080100896e-15,1.8840267304732039e-15,2.692210993119428e-15,-6.8919106669232542e-15,-3.8512785226834917e-16,9.4737654755142619e-14,1.4221857009488225e-14,-9.8099999999999987,-5.9477418068452509e-15,9.5785509788707101e-15,-4.5999892033128354e-17,1.0336218441632063e-14,-1.2945136328384698e-14,-3.8737290587144195e-15,3.6574108487382046e-15,-5.0122946499238615e-15,-2.5847131725331018e-16,0,0,0,0,0,0,0,0,0,0,0,0,0,0,-0,-0,0,0,-0,0,0,-0,0,0,0,-0,0,-0,0,0,0,0,0,-0,0,-0,0,0,0,0,0,0,0,0,0,0,0,0,0,0,-0,0,0,-0,-0,0,-0,0,0,0,-0,0,-0,0,0,0,-0,0,0,-0,0,0,0,0,0,0,0,0,0,0,0,0,0,0,0,0
0.98000000000000065,-6.585046608914779e-16,-5.4995082079813255e-17,-4.7588309999999971,-3.0092232887322716e-16,1.7426397297784889e-15,-1.0640761846942226e-17,1,8.2936763887670697e-16,-4.7793519797617603e-15,6.9059044916460484e-16,1.537307576461873e-15,-3.2125535495731961e-15,-3.9926589149012204e-16,3.1735652250926101e-14,5.6184289121999385e-15,-9.6137999999999959,-1.0633507036704853e-15,6.9560315473823008e-15,-4.280360602933757e-17,1.3269537582646083e-15,-9.4163253142813088e-15,1.8040594107276927e-15,2.759819742875865e-15,-6.8887086370401072e-15,-4.1313177763023822e-16,9.6535281662538597e-14,1.4963260889124789e-14,-9.8099999999999987,-6.1435480786071869e-15,1.2678274936998344e-14,-6.2351644673574995e-17,1.1859285424522201e-14,-1.7878130627121954e-14,-7.9967319745511237e-15,6.7608749756437165e-15,3.2020298831473013e-16,-2.8003925361889046e-15,0,0,0,0,0,0,0,0,0,0,0,0,0,0,-0,-0,0,0,-0,0,0,-0,0,0,0,-0,0,-0,0,0,0,0,0,-0,0,-0,0,0,0,0,0,0,0,0,0,0,0,0,0,0,-0,0,0,-0,-0,0,-0,0,0,0,-0,0,-0,0,0,0,-0,0,0,-0,0,0,0,0,0,0,0,0,0,0,0,0,0,0,0,0
0.99000000000000066,-6.7302602772661818e-16,-5.6189774832262014e-17,-4.8559499999999973,-3.063542859837915e-16,1.7776440227293087e-15,-1.0856216842661346e-17,1,8.4292298611415396e-16,-4.8737985059463742e-15,7.0894383639527883e-16,1.5643587486484013e-15,-3.2825284873112362e-15,-4.0265532872609665e-16,3.2736507092466443e-14,5.7783404805850033e-15,-9.7118999999999964,-1.0863914221128622e-15,7.0008585901639578e-15,-4.30909991438238e-17,1.3555347237446978e-15,-9.4446526184613714e-15,1.8353387230674034e-15,2.7051172186528202e-15,-6.9974937738040152e-15,-3.3894372359746148e-16,1.0008548415403417e-13,1.5991156838506506e-14,-9.8099999999999987,-2.3040718442376906e-15,4.4827042781657241e-15,-2.873931144862298e-17,2.8580965480089398e-15,-2.8327304180061995e-15,3.1279312339710502e-15,-5.4702524223044643e-15,-1.0878513676390792e-14,7.4188054032776764e-15,0,0,0,0,0,0,0,0,0,0,0,0,0,0,-0,-0,0,0,-0,0,0,-0,0,0,0,-0,0,-0,0,0,0,0,0,-0,0,-0,0,0,0,0,0,0,0,0,0,0,0,0,0,0,-0,0,0,-0,-0,0,-0,0,0,0,-0,0,-0,0,0,0,-0,0,0,-0,0,0,0,0,0,0,0,0,0,0,0,0,0,0,0,0
1.0000000000000007,-6.8763771058545892e-16,-5.7401479968047434e-17,-4.954049999999997,-3.1183829912780424e-16,1.8127708664840342e-15,-1.1072270458803855e-17,1,8.567292621317515e-16,-4.9684829344824371e-15,7.2705279365607609e-16,1.5912549614675872e-15,-3.3525514453649998e-15,-4.0572211712160909e-16,3.3760801777298818e-14,5.943298746366212e-15,-9.8099999999999969,-1.0968026288025523e-15,7.0253687509450958e-15,-4.3210723228501709e-17,1.3806276017597548e-15,-9.4684428536062626e-15,1.8108957260797296e-15,2.689621281918596e-15,-7.0022958053763602e-15,-3.0667883955124503e-16,1.0242946848323733e-13,1.6495826578120876e-14,-9.8099999999999987,-1.0411206689690132e-15,2.4510160781137981e-15,-1.1972408467790984e-17,2.5092878015056915e-15,-2.3790235144891194e-15,-2.4442996987673764e-15,-1.549593673422427e-15,-4.8020315723449212e-16,3.2264884046216434e-15,0,0,0,0,0,0,0,0,0,0,0,0,0,0,-0,-0,0,0,-0,0,0,-0,0,0,0,-0,0,-0,0,0,0,0,0,-0,0,-0,0,0,0,0,0,0,0,0,0,0,0,0,0,0,-0,0,0,-0,-0,0,-0,0,0,0,-0,0,-0,0,0,0,-0,0,0,-0,0,0,0,0,0,0,0,0,0,0,0,0,0,0,0,0
